/*
Navicat MySQL Data Transfer

Source Server         : localhost_3306
Source Server Version : 50540
Source Host           : localhost:3306
Source Database       : db_online_education

Target Server Type    : MYSQL
Target Server Version : 50540
File Encoding         : 65001

Date: 2018-01-06 20:36:54
*/

SET FOREIGN_KEY_CHECKS=0;

-- ----------------------------
-- Table structure for `tg_privilege_menu`
-- ----------------------------
DROP TABLE IF EXISTS `tg_privilege_menu`;
CREATE TABLE `tg_privilege_menu` (
  `id` int(11) NOT NULL AUTO_INCREMENT,
  `name` varchar(20) NOT NULL,
  `target_href` varchar(100) DEFAULT NULL,
  `parent_id` int(11) DEFAULT NULL,
  PRIMARY KEY (`id`),
  KEY `parent_id` (`parent_id`)
) ENGINE=InnoDB AUTO_INCREMENT=279 DEFAULT CHARSET=utf8;

-- ----------------------------
-- Records of tg_privilege_menu
-- ----------------------------
INSERT INTO `tg_privilege_menu` VALUES ('1', '首页', '', null);
INSERT INTO `tg_privilege_menu` VALUES ('2', '首页管理', '', '1');
INSERT INTO `tg_privilege_menu` VALUES ('3', '首页管理', 'Index/index', '2');
INSERT INTO `tg_privilege_menu` VALUES ('4', '系统管理', '', null);
INSERT INTO `tg_privilege_menu` VALUES ('5', '权限管理', '', '4');
INSERT INTO `tg_privilege_menu` VALUES ('6', '菜单管理', 'SysMenu/index', '5');
INSERT INTO `tg_privilege_menu` VALUES ('7', '角色管理', 'SysRole/index', '5');
INSERT INTO `tg_privilege_menu` VALUES ('8', '用户管理', 'SysUser/index', '5');
INSERT INTO `tg_privilege_menu` VALUES ('9', '信息管理', '', '4');
INSERT INTO `tg_privilege_menu` VALUES ('10', '数据备份', '', '9');
INSERT INTO `tg_privilege_menu` VALUES ('11', '数据恢复', '', '9');
INSERT INTO `tg_privilege_menu` VALUES ('12', '个人设置', '', '4');
INSERT INTO `tg_privilege_menu` VALUES ('13', '修改个人信息', '', '12');
INSERT INTO `tg_privilege_menu` VALUES ('14', '修改密码', 'Safety/updatePassword', '12');
INSERT INTO `tg_privilege_menu` VALUES ('15', '人力行政', '', null);
INSERT INTO `tg_privilege_menu` VALUES ('16', '组织机构', '', '15');
INSERT INTO `tg_privilege_menu` VALUES ('17', '部门管理', 'HrDepartment/index', '16');
INSERT INTO `tg_privilege_menu` VALUES ('18', '职位管理', 'HrPosition/index', '16');
INSERT INTO `tg_privilege_menu` VALUES ('19', '员工管理', 'HrEmployee/index', '16');
INSERT INTO `tg_privilege_menu` VALUES ('20', '房源管理', '', '15');
INSERT INTO `tg_privilege_menu` VALUES ('21', '房源信息', 'HrRental/rental', '20');
INSERT INTO `tg_privilege_menu` VALUES ('22', '学生住房', 'HrHouse/house', '20');
INSERT INTO `tg_privilege_menu` VALUES ('23', '考勤管理', 'AdministrationAttendanceManage/index', '15');
INSERT INTO `tg_privilege_menu` VALUES ('26', '市场管理', '', null);
INSERT INTO `tg_privilege_menu` VALUES ('27', '客户登记', '', '26');
INSERT INTO `tg_privilege_menu` VALUES ('28', '学员客户登记', 'CrmClient/INDEX?clientType=0', '27');
INSERT INTO `tg_privilege_menu` VALUES ('29', '学员客户查询', 'CrmClient/studentData', '33');
INSERT INTO `tg_privilege_menu` VALUES ('30', '学员客户导入', 'CrmClient/importStudent', '130');
INSERT INTO `tg_privilege_menu` VALUES ('31', '我的学员客户', 'CrmDistribution/indexStudent', '160');
INSERT INTO `tg_privilege_menu` VALUES ('32', '学员客户分配', 'CrmDistribution/alotStudent', '149');
INSERT INTO `tg_privilege_menu` VALUES ('33', '客户查询', '', '26');
INSERT INTO `tg_privilege_menu` VALUES ('34', '今日学员跟进', 'CrmFollow/INDEX', '148');
INSERT INTO `tg_privilege_menu` VALUES ('35', '学员跟进历史', 'CrmFollow/genjin', '148');
INSERT INTO `tg_privilege_menu` VALUES ('36', '财务管理', '', null);
INSERT INTO `tg_privilege_menu` VALUES ('37', '收支管理', '', '36');
INSERT INTO `tg_privilege_menu` VALUES ('38', '交费记录', 'CrmPay/INDEX', '37');
INSERT INTO `tg_privilege_menu` VALUES ('39', '欠费提醒', 'CrmPay/owerecord', '37');
INSERT INTO `tg_privilege_menu` VALUES ('40', '学员缴费情况', 'CrmPay/paycondition', '37');
INSERT INTO `tg_privilege_menu` VALUES ('41', '调价管理', '', '36');
INSERT INTO `tg_privilege_menu` VALUES ('42', '待办申请', 'CrmApply/WAIT', '41');
INSERT INTO `tg_privilege_menu` VALUES ('43', '同意申请', 'CrmApply/agree', '41');
INSERT INTO `tg_privilege_menu` VALUES ('44', '调价记录', 'CrmApply/record', '41');
INSERT INTO `tg_privilege_menu` VALUES ('45', '教务管理', '', null);
INSERT INTO `tg_privilege_menu` VALUES ('46', '课程体系', '', '45');
INSERT INTO `tg_privilege_menu` VALUES ('47', '方向管理', 'direction/INDEX', '46');
INSERT INTO `tg_privilege_menu` VALUES ('48', '阶段管理', 'stage/INDEX', '46');
INSERT INTO `tg_privilege_menu` VALUES ('49', '课程管理', 'course/INDEX', '46');
INSERT INTO `tg_privilege_menu` VALUES ('50', '天管理', 'days/INDEX', '46');
INSERT INTO `tg_privilege_menu` VALUES ('51', '知识点管理', 'kpoint/INDEX', '46');
INSERT INTO `tg_privilege_menu` VALUES ('52', '项目室', 'Room', '45');
INSERT INTO `tg_privilege_menu` VALUES ('53', '项目室管理', 'Room/INDEX', '52');
INSERT INTO `tg_privilege_menu` VALUES ('54', '项目室使用记录', 'RoomRecord/INDEX', '52');
INSERT INTO `tg_privilege_menu` VALUES ('55', '教师', 'Teacher', '45');
INSERT INTO `tg_privilege_menu` VALUES ('56', '教师管理', 'Teacher/INDEX', '55');
INSERT INTO `tg_privilege_menu` VALUES ('57', '教师带班记录', 'TeacherRecord/INDEX', '55');
INSERT INTO `tg_privilege_menu` VALUES ('58', '教师课程管理', 'TeacherCourse/INDEX', '55');
INSERT INTO `tg_privilege_menu` VALUES ('59', '班主任', '', '45');
INSERT INTO `tg_privilege_menu` VALUES ('60', '班主任管理', 'classTeacher/INDEX', '59');
INSERT INTO `tg_privilege_menu` VALUES ('61', '班主任带班记录', 'classTeacher/record', '59');
INSERT INTO `tg_privilege_menu` VALUES ('62', '班级', '', '45');
INSERT INTO `tg_privilege_menu` VALUES ('63', '班级管理', 'class/INDEX', '62');
INSERT INTO `tg_privilege_menu` VALUES ('64', '班级类别管理', 'categoryClass/INDEX', '62');
INSERT INTO `tg_privilege_menu` VALUES ('65', '项目组管理', 'TeamClass/INDEX', '62');
INSERT INTO `tg_privilege_menu` VALUES ('66', '学生', '', '45');
INSERT INTO `tg_privilege_menu` VALUES ('67', '学生管理', 'Students/INDEX', '66');
INSERT INTO `tg_privilege_menu` VALUES ('68', '课程表', '', '45');
INSERT INTO `tg_privilege_menu` VALUES ('69', '课程表管理', 'CouTable/INDEX', '68');
INSERT INTO `tg_privilege_menu` VALUES ('70', '节假日管理', 'Menology/INDEX', '68');
INSERT INTO `tg_privilege_menu` VALUES ('71', '课时统计', '', '45');
INSERT INTO `tg_privilege_menu` VALUES ('72', '个人课时', 'Teachering/INDEX', '71');
INSERT INTO `tg_privilege_menu` VALUES ('73', '教务统计课时', 'Teaching/INDEX', '71');
INSERT INTO `tg_privilege_menu` VALUES ('74', '试卷管理', '', '45');
INSERT INTO `tg_privilege_menu` VALUES ('75', '题目管理', 'EvaluateTitles/INDEX', '74');
INSERT INTO `tg_privilege_menu` VALUES ('76', '电脑组卷', 'AutoGeneratePaper/INDEX', '74');
INSERT INTO `tg_privilege_menu` VALUES ('77', '人工组卷', 'ArtificialGeneratePaper/INDEX', '47');
INSERT INTO `tg_privilege_menu` VALUES ('78', '每日试卷', 'DayPaper/INDEX', '47');
INSERT INTO `tg_privilege_menu` VALUES ('79', '课程试卷', 'CoursePaper/INDEX', '74');
INSERT INTO `tg_privilege_menu` VALUES ('80', '阶段试卷', 'Stagepaper/INDEX', '74');
INSERT INTO `tg_privilege_menu` VALUES ('81', '实训员工', '', '45');
INSERT INTO `tg_privilege_menu` VALUES ('82', '随时练习', 'EvaluateAnytimetest/INDEX', '81');
INSERT INTO `tg_privilege_menu` VALUES ('83', '每日测试', 'EvaluateDaily/INDEX', '81');
INSERT INTO `tg_privilege_menu` VALUES ('84', '课程测试', 'EvaluateCourse/INDEX', '81');
INSERT INTO `tg_privilege_menu` VALUES ('85', '阶段测试', 'EvaluateStage/stage', '81');
INSERT INTO `tg_privilege_menu` VALUES ('86', 'CTO评分', 'EvaluateScores/subGrade', '81');
INSERT INTO `tg_privilege_menu` VALUES ('87', '统计分析', '', null);
INSERT INTO `tg_privilege_menu` VALUES ('88', '成绩分析', '', '87');
INSERT INTO `tg_privilege_menu` VALUES ('89', '每日成绩', 'DayScores/INDEX', '89');
INSERT INTO `tg_privilege_menu` VALUES ('90', '历史成绩', 'HisScores/INDEX', '89');
INSERT INTO `tg_privilege_menu` VALUES ('91', '试卷分析', '', '87');
INSERT INTO `tg_privilege_menu` VALUES ('92', '单选题分析', 'AnalyzeObj/INDEX', '91');
INSERT INTO `tg_privilege_menu` VALUES ('93', '多选题分析', 'AnalyzeOptions/INDEX', '91');
INSERT INTO `tg_privilege_menu` VALUES ('94', '判断题分析', 'AnalyzeCheck/INDEX', '91');
INSERT INTO `tg_privilege_menu` VALUES ('95', '填空题分析', 'AnalyzeCompletion/INDEX', '91');
INSERT INTO `tg_privilege_menu` VALUES ('96', '简答题分析', 'AnalyzeSub/INDEX', '91');
INSERT INTO `tg_privilege_menu` VALUES ('97', '画图题分析', 'AnalyzePaint/INDEX', '91');
INSERT INTO `tg_privilege_menu` VALUES ('98', '程序题分析', 'AnalyzeProcess/INDEX', '91');
INSERT INTO `tg_privilege_menu` VALUES ('100', '员工请假', 'Applyleaveemployee/INDEX', '135');
INSERT INTO `tg_privilege_menu` VALUES ('101', '员工待办请假', 'Applyleaveemployee/backlog', '135');
INSERT INTO `tg_privilege_menu` VALUES ('102', '员工请假批准', 'Applyleaveemployee/agree', '135');
INSERT INTO `tg_privilege_menu` VALUES ('103', '员工请假记录', 'Applyleaveemployee/record', '135');
INSERT INTO `tg_privilege_menu` VALUES ('104', '菜单恢复', 'MenuRecover/INDEX', '9');
INSERT INTO `tg_privilege_menu` VALUES ('105', '日报管理', '', '45');
INSERT INTO `tg_privilege_menu` VALUES ('106', '填写学生日报', 'DailyStudent/addInput', '105');
INSERT INTO `tg_privilege_menu` VALUES ('107', '查看学生日报', 'DailyStudent/lookstudent', '105');
INSERT INTO `tg_privilege_menu` VALUES ('109', '未交日报学生', 'DailyStudent/notDaily', '105');
INSERT INTO `tg_privilege_menu` VALUES ('113', '填写教师日报', 'DailyEmployee/writeinput', '105');
INSERT INTO `tg_privilege_menu` VALUES ('114', '查看老师日报', 'DailyEmployee/lookdaily', '105');
INSERT INTO `tg_privilege_menu` VALUES ('115', '就业服务', '', null);
INSERT INTO `tg_privilege_menu` VALUES ('116', '就业学生', '', '115');
INSERT INTO `tg_privilege_menu` VALUES ('117', '班级分配', 'CarrerrStudentAllot/INDEX', '116');
INSERT INTO `tg_privilege_menu` VALUES ('118', '我的学生', 'CarrerrMyStudent/INDEX', '116');
INSERT INTO `tg_privilege_menu` VALUES ('119', '就业跟进', '', '115');
INSERT INTO `tg_privilege_menu` VALUES ('120', '就业企业', '', '115');
INSERT INTO `tg_privilege_menu` VALUES ('121', '今日跟进', 'CareerFollow/INDEX', '119');
INSERT INTO `tg_privilege_menu` VALUES ('122', '历史跟进', 'CarrerrFollowHistory/INDEX', '119');
INSERT INTO `tg_privilege_menu` VALUES ('123', '面试管理', 'CarrerrInterview/INDEX', '115');
INSERT INTO `tg_privilege_menu` VALUES ('124', '企业管理', 'CareerCompany/INDEX', '120');
INSERT INTO `tg_privilege_menu` VALUES ('125', '简历管理', 'CareerResume/INDEX', '123');
INSERT INTO `tg_privilege_menu` VALUES ('126', '面试实例', 'careerInterviews/INDEX', '123');
INSERT INTO `tg_privilege_menu` VALUES ('127', '面试推荐', 'CareerRecommend/INDEX', '123');
INSERT INTO `tg_privilege_menu` VALUES ('128', '企业联系人', 'CareerCompanyLinkman/INDEX', '120');
INSERT INTO `tg_privilege_menu` VALUES ('129', '职位管理', 'CareerCompanyPosition/INDEX', '120');
INSERT INTO `tg_privilege_menu` VALUES ('130', '客户导入', '', '26');
INSERT INTO `tg_privilege_menu` VALUES ('131', '高校客户登记', 'CrmClient/INDEX?clientType=1', '27');
INSERT INTO `tg_privilege_menu` VALUES ('132', '企业客户登记', 'CrmClient/INDEX?clientType=2', '27');
INSERT INTO `tg_privilege_menu` VALUES ('133', '填写班级日报', 'DailyClass/addInput', '105');
INSERT INTO `tg_privilege_menu` VALUES ('134', '每日试卷', 'DayPaper/INDEX', '74');
INSERT INTO `tg_privilege_menu` VALUES ('135', '事务管理', '', '15');
INSERT INTO `tg_privilege_menu` VALUES ('136', '就业信息', 'CareerEmploymentInfo/INDEX', '143');
INSERT INTO `tg_privilege_menu` VALUES ('137', '巡查日报', 'DailyPatrol/index', '105');
INSERT INTO `tg_privilege_menu` VALUES ('138', '收藏题目库', 'EvaluateCollect/INDEX', '81');
INSERT INTO `tg_privilege_menu` VALUES ('139', '错题记录库', 'EvaluateWrong/INDEX', '81');
INSERT INTO `tg_privilege_menu` VALUES ('141', '学生分配', 'CarrerrAllotStudent/index', '116');
INSERT INTO `tg_privilege_menu` VALUES ('142', '请假管理', '', '45');
INSERT INTO `tg_privilege_menu` VALUES ('143', '就业统计', '', '115');
INSERT INTO `tg_privilege_menu` VALUES ('144', '学生待办请假', 'Applyleavestudent/backlog', '142');
INSERT INTO `tg_privilege_menu` VALUES ('145', '学生请假批准', 'Applyleavestudent/agree', '142');
INSERT INTO `tg_privilege_menu` VALUES ('146', '学生请假记录', 'Applyleavestudent/record', '142');
INSERT INTO `tg_privilege_menu` VALUES ('147', '调整上下班时间', 'AdministrationAdjustmentTime/index', '23');
INSERT INTO `tg_privilege_menu` VALUES ('148', '客户跟进', '', '26');
INSERT INTO `tg_privilege_menu` VALUES ('149', '客户分配', '', '26');
INSERT INTO `tg_privilege_menu` VALUES ('150', '企业客户查询', 'CrmClient/companyData', '33');
INSERT INTO `tg_privilege_menu` VALUES ('151', '高校客户查询', 'CrmClient/schoolData', '33');
INSERT INTO `tg_privilege_menu` VALUES ('152', '高校客户分配', 'CrmDistribution/alotSchool', '149');
INSERT INTO `tg_privilege_menu` VALUES ('153', '企业客户分配', 'CrmDistribution/alotCompany', '149');
INSERT INTO `tg_privilege_menu` VALUES ('154', '高校客户导入', 'CrmClient/importSchool', '130');
INSERT INTO `tg_privilege_menu` VALUES ('155', '企业客户导入', 'CrmClient/importCompany', '130');
INSERT INTO `tg_privilege_menu` VALUES ('156', '平均薪资统计', 'CareerAverageSalary/INDEX', '143');
INSERT INTO `tg_privilege_menu` VALUES ('157', '就业人数统计', 'CareerPeopleNum/INDEX', '143');
INSERT INTO `tg_privilege_menu` VALUES ('158', '薪资过万统计', 'CareerMillionSalary/INDEX', '143');
INSERT INTO `tg_privilege_menu` VALUES ('159', '答题原始记录', 'EvaluatePreAnswer/INDEX', '81');
INSERT INTO `tg_privilege_menu` VALUES ('160', '我的客户', '', '26');
INSERT INTO `tg_privilege_menu` VALUES ('162', '我的高校客户', 'CrmDistribution/indexSchool', '160');
INSERT INTO `tg_privilege_menu` VALUES ('163', '我的企业客户', 'CrmDistribution/indexCompany', '160');
INSERT INTO `tg_privilege_menu` VALUES ('164', '今日高校跟进', 'CrmFollow/indexSchool', '148');
INSERT INTO `tg_privilege_menu` VALUES ('165', '高校跟进历史', 'CrmFollow/indexSchoolHistory', '148');
INSERT INTO `tg_privilege_menu` VALUES ('166', '今日企业跟进', 'CrmFollow/indexCompany', '148');
INSERT INTO `tg_privilege_menu` VALUES ('167', '企业跟进历史', 'CrmFollow/indexCompanyHistory', '148');
INSERT INTO `tg_privilege_menu` VALUES ('168', '学生添加请假', 'Applyleavestudent/addInput', '142');
INSERT INTO `tg_privilege_menu` VALUES ('169', '布道师批复', 'Applyreply/replyDe', '142');
INSERT INTO `tg_privilege_menu` VALUES ('170', '班主任批复', 'Applyreply/replySv', '142');
INSERT INTO `tg_privilege_menu` VALUES ('171', '总监批复', 'Applyreply/replyCi', '142');
INSERT INTO `tg_privilege_menu` VALUES ('172', '学生考勤原始记录', 'AdministrationStudentsAttendance/index', '23');
INSERT INTO `tg_privilege_menu` VALUES ('173', '考勤管理', 'AdministrationAttendanceManage/index', '23');
INSERT INTO `tg_privilege_menu` VALUES ('174', '我的简历', 'EvaluateVita/INDEX', '81');
INSERT INTO `tg_privilege_menu` VALUES ('175', '导出考勤记录', 'AdministrationExportAttendance/index', '23');
INSERT INTO `tg_privilege_menu` VALUES ('176', '公开课', '', '45');
INSERT INTO `tg_privilege_menu` VALUES ('177', '公开课管理', 'AcdemicOpenLession/index', '176');
INSERT INTO `tg_privilege_menu` VALUES ('178', '查看成绩', 'EvaluateLookScores/index', '81');
INSERT INTO `tg_privilege_menu` VALUES ('179', '模拟试卷', 'PracticeTest/index', '81');
INSERT INTO `tg_privilege_menu` VALUES ('180', '班级成绩统计', 'ShowClassScore/index', '81');
INSERT INTO `tg_privilege_menu` VALUES ('181', '培训考核', '', '15');
INSERT INTO `tg_privilege_menu` VALUES ('182', '制定考核计划', 'AdministrationMakeEvaluation/index', '181');
INSERT INTO `tg_privilege_menu` VALUES ('183', '用户信息管理', '', null);
INSERT INTO `tg_privilege_menu` VALUES ('184', '信息审核', '', '183');
INSERT INTO `tg_privilege_menu` VALUES ('185', '企业认证', 'Exam/company', '184');
INSERT INTO `tg_privilege_menu` VALUES ('186', '个人作品', 'exam/opus', '184');
INSERT INTO `tg_privilege_menu` VALUES ('187', '客服/反馈', '', null);
INSERT INTO `tg_privilege_menu` VALUES ('188', '意见处理', '', '187');
INSERT INTO `tg_privilege_menu` VALUES ('189', '企业', 'admin/proposal/company', '188');
INSERT INTO `tg_privilege_menu` VALUES ('190', '求职者', 'admin/proposal/employee', '188');
INSERT INTO `tg_privilege_menu` VALUES ('191', '申诉', '', '187');
INSERT INTO `tg_privilege_menu` VALUES ('192', '详细资料申诉', 'admin/appeal/information', '191');
INSERT INTO `tg_privilege_menu` VALUES ('193', '不良信息申诉', 'admin/appeal/person', '191');
INSERT INTO `tg_privilege_menu` VALUES ('194', '投诉/举报', '', '187');
INSERT INTO `tg_privilege_menu` VALUES ('195', '投诉信息', 'admin/complaint/complaint', '194');
INSERT INTO `tg_privilege_menu` VALUES ('196', '推荐与公告', '', null);
INSERT INTO `tg_privilege_menu` VALUES ('197', '轮播广告', '', '196');
INSERT INTO `tg_privilege_menu` VALUES ('198', '求职者', 'advertise/employee', '197');
INSERT INTO `tg_privilege_menu` VALUES ('199', '企业', 'admin/advertise/company', '197');
INSERT INTO `tg_privilege_menu` VALUES ('200', '系统公告', '', '196');
INSERT INTO `tg_privilege_menu` VALUES ('201', '公告信息', 'admin/system/index', '200');
INSERT INTO `tg_privilege_menu` VALUES ('202', '后台系统管理', '', null);
INSERT INTO `tg_privilege_menu` VALUES ('203', '系统管理', '', '202');
INSERT INTO `tg_privilege_menu` VALUES ('204', '后台用户管理', 'admin/user/user', '203');
INSERT INTO `tg_privilege_menu` VALUES ('205', '后台角色管理', 'admin/role/role', '203');
INSERT INTO `tg_privilege_menu` VALUES ('206', '后台权限管理', 'admin/menu/index', '204');
INSERT INTO `tg_privilege_menu` VALUES ('207', '个人文章', 'admin/exam/article', '184');
INSERT INTO `tg_privilege_menu` VALUES ('208', '个人视频', 'admin/exam/video', '184');
INSERT INTO `tg_privilege_menu` VALUES ('209', '举报信息', 'admin/complaint/report', '194');
INSERT INTO `tg_privilege_menu` VALUES ('210', '我的请假条', 'Applyreply/index', '142');
INSERT INTO `tg_privilege_menu` VALUES ('211', '市场统计', '', '26');
INSERT INTO `tg_privilege_menu` VALUES ('212', '学员客户统计', 'CrmAnalysis/showAnalysis', '211');
INSERT INTO `tg_privilege_menu` VALUES ('213', '高校客户统计', 'CrmAnalysis/showAnalysis_school', '211');
INSERT INTO `tg_privilege_menu` VALUES ('214', '企业客户统计', 'CrmAnalysis/showAnalysis_company', '211');
INSERT INTO `tg_privilege_menu` VALUES ('215', '课程表调整', 'CouTableu/updateCouTable', '68');
INSERT INTO `tg_privilege_menu` VALUES ('216', '增加企业题目知识点', 'EvaluateSendKnowledge/index', '74');
INSERT INTO `tg_privilege_menu` VALUES ('217', '课程管理', 'AdministrationCourse/index', '181');
INSERT INTO `tg_privilege_menu` VALUES ('218', '天管理', 'AdministrationDays/index', '181');
INSERT INTO `tg_privilege_menu` VALUES ('219', '知识点管理', 'AdministrationKpoint/index', '181');
INSERT INTO `tg_privilege_menu` VALUES ('220', '题目管理', 'AdministrationEvaluateTitles/index', '181');
INSERT INTO `tg_privilege_menu` VALUES ('222', '公开课课程管理', 'AcdemicOpenLessionCourse/index', '176');
INSERT INTO `tg_privilege_menu` VALUES ('223', '公开课班级管理', 'AcdemicOpenLessionClass/index', '176');
INSERT INTO `tg_privilege_menu` VALUES ('224', '公开课学生管理', 'AcdemicOpenLessionStudent/index', '176');
INSERT INTO `tg_privilege_menu` VALUES ('225', '试卷管理', 'AdministrationCoursePaper/index', '181');
INSERT INTO `tg_privilege_menu` VALUES ('226', '考核测试', 'AdministrationEvaluationTest/index', '181');
INSERT INTO `tg_privilege_menu` VALUES ('227', '知识点掌握情况', 'DailyStudent/problemselect', '105');
INSERT INTO `tg_privilege_menu` VALUES ('228', '考试管理', '', '45');
INSERT INTO `tg_privilege_menu` VALUES ('229', '安排考试', 'EvaluateCreateExam/index', '228');
INSERT INTO `tg_privilege_menu` VALUES ('230', '班级考试实例', 'EvaluateCreateExam/lists', '228');
INSERT INTO `tg_privilege_menu` VALUES ('231', '评分', 'AdministrationEvaluateScores/proHead', '181');
INSERT INTO `tg_privilege_menu` VALUES ('232', '知识点掌握柱状图', 'DailyStudent/histogram', '105');
INSERT INTO `tg_privilege_menu` VALUES ('233', '查看成绩', 'AdministrationEvaluateLookScores/index', '181');
INSERT INTO `tg_privilege_menu` VALUES ('234', '人工组卷', 'ManualPaper/INDEX', '74');
INSERT INTO `tg_privilege_menu` VALUES ('235', '各班情况统计', 'DailyCase/index', '105');
INSERT INTO `tg_privilege_menu` VALUES ('236', '联系人管理', '', '26');
INSERT INTO `tg_privilege_menu` VALUES ('237', '学员联系人', '', '236');
INSERT INTO `tg_privilege_menu` VALUES ('238', '高校联系人', '', '236');
INSERT INTO `tg_privilege_menu` VALUES ('239', '企业联系人', '', '236');
INSERT INTO `tg_privilege_menu` VALUES ('240', '每日工作', '', '1');
INSERT INTO `tg_privilege_menu` VALUES ('241', '填写日报', 'DailyEmployee/writeinput', '240');
INSERT INTO `tg_privilege_menu` VALUES ('242', '查看日报', 'DailyEmployee/lookdaily', '240');
INSERT INTO `tg_privilege_menu` VALUES ('243', '工时统计', 'DailyEmployee/tasktime', '240');
INSERT INTO `tg_privilege_menu` VALUES ('244', '查看成绩单', 'Evaluatelookpages/stugradepage', '81');
INSERT INTO `tg_privilege_menu` VALUES ('245', '会员管理', '', '183');
INSERT INTO `tg_privilege_menu` VALUES ('246', '会员信息', 'member/memberlist', '245');
INSERT INTO `tg_privilege_menu` VALUES ('247', '闯关', '', '45');
INSERT INTO `tg_privilege_menu` VALUES ('248', '天天闯关', 'Admin/Default/index', '247');
INSERT INTO `tg_privilege_menu` VALUES ('249', '全栈模式', 'Admin/Fullstack/index', '247');
INSERT INTO `tg_privilege_menu` VALUES ('250', '运维模式', 'Admin/Operation/index', '247');
INSERT INTO `tg_privilege_menu` VALUES ('251', '狂暴模式', 'Admin/Endless/index', '247');
INSERT INTO `tg_privilege_menu` VALUES ('252', '成就榜', 'Admin/Achieve/index', '247');
INSERT INTO `tg_privilege_menu` VALUES ('253', '关卡设置', 'Admin/Fightingset/index', '247');
INSERT INTO `tg_privilege_menu` VALUES ('254', '闯关评判', 'Admin/Fighting/judge', '247');
INSERT INTO `tg_privilege_menu` VALUES ('255', '趣味活动', '', '45');
INSERT INTO `tg_privilege_menu` VALUES ('256', '演讲评分', 'Admin/Speech/score', '255');
INSERT INTO `tg_privilege_menu` VALUES ('257', '演讲管理', 'Admin/Speech/mylists', '255');
INSERT INTO `tg_privilege_menu` VALUES ('258', '演讲主题', 'Admin/Speechtitle/titlelist', '255');
INSERT INTO `tg_privilege_menu` VALUES ('259', '未交日报教师', 'DailyTeacher/notDaily', '105');
INSERT INTO `tg_privilege_menu` VALUES ('260', '企业试卷', 'Admin/CompanyPaper/index', '74');
INSERT INTO `tg_privilege_menu` VALUES ('261', '企业笔试', 'Admin/EvaluateCompany/index', '81');
INSERT INTO `tg_privilege_menu` VALUES ('262', '填写老师周报', 'WeeklyEmployee/writeweekly', '105');
INSERT INTO `tg_privilege_menu` VALUES ('263', '查看老师周报', 'WeeklyEmployee/lookweekly', '105');
INSERT INTO `tg_privilege_menu` VALUES ('264', '填写老师月报', 'MonthlyEmployee/writemonthly', '105');
INSERT INTO `tg_privilege_menu` VALUES ('265', '查看老师月报', 'MonthlyEmployee/lookmonthly', '105');
INSERT INTO `tg_privilege_menu` VALUES ('266', '班级账户', 'ClassAccounts/INDEX', '62');
INSERT INTO `tg_privilege_menu` VALUES ('267', '转班记录', 'admin/Students/changeclasslist', '66');
INSERT INTO `tg_privilege_menu` VALUES ('268', '休训记录', 'admin/Students/huhglist', '66');
INSERT INTO `tg_privilege_menu` VALUES ('269', '讲师测评', '', '45');
INSERT INTO `tg_privilege_menu` VALUES ('271', '安排测评', 'Vote/layout', '269');
INSERT INTO `tg_privilege_menu` VALUES ('272', '测评列表', 'Vote/listvote', '269');
INSERT INTO `tg_privilege_menu` VALUES ('273', '填写测评', 'Vote/index', '269');
INSERT INTO `tg_privilege_menu` VALUES ('274', '安排调查', 'Grasp/layout', '270');
INSERT INTO `tg_privilege_menu` VALUES ('275', '填写调查', 'Grasp/index', '270');
INSERT INTO `tg_privilege_menu` VALUES ('276', '调查列表', 'Grasp/listgrasp', '270');

-- ----------------------------
-- Table structure for `tg_privilege_role`
-- ----------------------------
DROP TABLE IF EXISTS `tg_privilege_role`;
CREATE TABLE `tg_privilege_role` (
  `id` int(11) NOT NULL AUTO_INCREMENT,
  `name` varchar(20) NOT NULL,
  `about` varchar(100) DEFAULT NULL,
  PRIMARY KEY (`id`)
) ENGINE=InnoDB AUTO_INCREMENT=20 DEFAULT CHARSET=utf8;

-- ----------------------------
-- Records of tg_privilege_role
-- ----------------------------
INSERT INTO `tg_privilege_role` VALUES ('1', '总经理', '');
INSERT INTO `tg_privilege_role` VALUES ('2', '人力行政经理', '');
INSERT INTO `tg_privilege_role` VALUES ('3', '财务经理', '');
INSERT INTO `tg_privilege_role` VALUES ('4', '市场部经理', '');
INSERT INTO `tg_privilege_role` VALUES ('5', '实训部经理', '');
INSERT INTO `tg_privilege_role` VALUES ('6', '咨询部经理', '');
INSERT INTO `tg_privilege_role` VALUES ('7', '院校合作经理', '');
INSERT INTO `tg_privilege_role` VALUES ('8', '地推部经理', '');
INSERT INTO `tg_privilege_role` VALUES ('9', '讲师', '');
INSERT INTO `tg_privilege_role` VALUES ('10', '实训督导经理', '');
INSERT INTO `tg_privilege_role` VALUES ('11', '就业督导经理', '');
INSERT INTO `tg_privilege_role` VALUES ('12', '咨询部专员', '');
INSERT INTO `tg_privilege_role` VALUES ('13', '院校合作专员', '');
INSERT INTO `tg_privilege_role` VALUES ('14', '地推专员', '');
INSERT INTO `tg_privilege_role` VALUES ('15', '实训督导专员', '');
INSERT INTO `tg_privilege_role` VALUES ('16', '就业督导专员', '');
INSERT INTO `tg_privilege_role` VALUES ('17', '项目总监', '');
INSERT INTO `tg_privilege_role` VALUES ('18', '实训员工2', '实训员工');

-- ----------------------------
-- Table structure for `tg_privilege_role_menu`
-- ----------------------------
DROP TABLE IF EXISTS `tg_privilege_role_menu`;
CREATE TABLE `tg_privilege_role_menu` (
  `id` int(11) NOT NULL AUTO_INCREMENT,
  `role_id` int(11) NOT NULL,
  `menu_id` int(11) NOT NULL,
  PRIMARY KEY (`id`),
  KEY `role_id` (`role_id`),
  KEY `menu_id` (`menu_id`)
) ENGINE=InnoDB AUTO_INCREMENT=3507 DEFAULT CHARSET=utf8;

-- ----------------------------
-- Records of tg_privilege_role_menu
-- ----------------------------
INSERT INTO `tg_privilege_role_menu` VALUES ('172', '15', '1');
INSERT INTO `tg_privilege_role_menu` VALUES ('173', '15', '2');
INSERT INTO `tg_privilege_role_menu` VALUES ('174', '15', '3');
INSERT INTO `tg_privilege_role_menu` VALUES ('175', '15', '4');
INSERT INTO `tg_privilege_role_menu` VALUES ('176', '15', '12');
INSERT INTO `tg_privilege_role_menu` VALUES ('177', '15', '13');
INSERT INTO `tg_privilege_role_menu` VALUES ('178', '15', '14');
INSERT INTO `tg_privilege_role_menu` VALUES ('179', '15', '45');
INSERT INTO `tg_privilege_role_menu` VALUES ('180', '15', '68');
INSERT INTO `tg_privilege_role_menu` VALUES ('181', '15', '69');
INSERT INTO `tg_privilege_role_menu` VALUES ('182', '15', '81');
INSERT INTO `tg_privilege_role_menu` VALUES ('183', '15', '82');
INSERT INTO `tg_privilege_role_menu` VALUES ('184', '15', '83');
INSERT INTO `tg_privilege_role_menu` VALUES ('185', '15', '84');
INSERT INTO `tg_privilege_role_menu` VALUES ('186', '15', '85');
INSERT INTO `tg_privilege_role_menu` VALUES ('187', '15', '86');
INSERT INTO `tg_privilege_role_menu` VALUES ('188', '15', '138');
INSERT INTO `tg_privilege_role_menu` VALUES ('189', '15', '139');
INSERT INTO `tg_privilege_role_menu` VALUES ('190', '15', '159');
INSERT INTO `tg_privilege_role_menu` VALUES ('191', '15', '174');
INSERT INTO `tg_privilege_role_menu` VALUES ('192', '15', '178');
INSERT INTO `tg_privilege_role_menu` VALUES ('193', '15', '179');
INSERT INTO `tg_privilege_role_menu` VALUES ('194', '15', '180');
INSERT INTO `tg_privilege_role_menu` VALUES ('195', '15', '105');
INSERT INTO `tg_privilege_role_menu` VALUES ('196', '15', '106');
INSERT INTO `tg_privilege_role_menu` VALUES ('197', '15', '142');
INSERT INTO `tg_privilege_role_menu` VALUES ('198', '15', '144');
INSERT INTO `tg_privilege_role_menu` VALUES ('199', '15', '145');
INSERT INTO `tg_privilege_role_menu` VALUES ('200', '15', '146');
INSERT INTO `tg_privilege_role_menu` VALUES ('201', '15', '168');
INSERT INTO `tg_privilege_role_menu` VALUES ('202', '15', '210');
INSERT INTO `tg_privilege_role_menu` VALUES ('259', '2', '4');
INSERT INTO `tg_privilege_role_menu` VALUES ('260', '2', '12');
INSERT INTO `tg_privilege_role_menu` VALUES ('261', '2', '13');
INSERT INTO `tg_privilege_role_menu` VALUES ('262', '2', '14');
INSERT INTO `tg_privilege_role_menu` VALUES ('263', '2', '15');
INSERT INTO `tg_privilege_role_menu` VALUES ('264', '2', '16');
INSERT INTO `tg_privilege_role_menu` VALUES ('265', '2', '17');
INSERT INTO `tg_privilege_role_menu` VALUES ('266', '2', '18');
INSERT INTO `tg_privilege_role_menu` VALUES ('267', '2', '19');
INSERT INTO `tg_privilege_role_menu` VALUES ('268', '2', '20');
INSERT INTO `tg_privilege_role_menu` VALUES ('269', '2', '21');
INSERT INTO `tg_privilege_role_menu` VALUES ('270', '2', '22');
INSERT INTO `tg_privilege_role_menu` VALUES ('271', '2', '23');
INSERT INTO `tg_privilege_role_menu` VALUES ('272', '2', '147');
INSERT INTO `tg_privilege_role_menu` VALUES ('273', '2', '172');
INSERT INTO `tg_privilege_role_menu` VALUES ('274', '2', '173');
INSERT INTO `tg_privilege_role_menu` VALUES ('275', '2', '175');
INSERT INTO `tg_privilege_role_menu` VALUES ('276', '2', '135');
INSERT INTO `tg_privilege_role_menu` VALUES ('277', '2', '100');
INSERT INTO `tg_privilege_role_menu` VALUES ('278', '2', '101');
INSERT INTO `tg_privilege_role_menu` VALUES ('279', '2', '102');
INSERT INTO `tg_privilege_role_menu` VALUES ('280', '2', '103');
INSERT INTO `tg_privilege_role_menu` VALUES ('281', '2', '181');
INSERT INTO `tg_privilege_role_menu` VALUES ('282', '2', '182');
INSERT INTO `tg_privilege_role_menu` VALUES ('283', '2', '217');
INSERT INTO `tg_privilege_role_menu` VALUES ('284', '2', '218');
INSERT INTO `tg_privilege_role_menu` VALUES ('285', '2', '219');
INSERT INTO `tg_privilege_role_menu` VALUES ('286', '2', '220');
INSERT INTO `tg_privilege_role_menu` VALUES ('287', '2', '225');
INSERT INTO `tg_privilege_role_menu` VALUES ('288', '2', '226');
INSERT INTO `tg_privilege_role_menu` VALUES ('502', '1', '1');
INSERT INTO `tg_privilege_role_menu` VALUES ('503', '1', '2');
INSERT INTO `tg_privilege_role_menu` VALUES ('504', '1', '3');
INSERT INTO `tg_privilege_role_menu` VALUES ('505', '1', '4');
INSERT INTO `tg_privilege_role_menu` VALUES ('506', '1', '5');
INSERT INTO `tg_privilege_role_menu` VALUES ('507', '1', '6');
INSERT INTO `tg_privilege_role_menu` VALUES ('508', '1', '7');
INSERT INTO `tg_privilege_role_menu` VALUES ('509', '1', '8');
INSERT INTO `tg_privilege_role_menu` VALUES ('510', '1', '9');
INSERT INTO `tg_privilege_role_menu` VALUES ('511', '1', '10');
INSERT INTO `tg_privilege_role_menu` VALUES ('512', '1', '11');
INSERT INTO `tg_privilege_role_menu` VALUES ('513', '1', '104');
INSERT INTO `tg_privilege_role_menu` VALUES ('514', '1', '12');
INSERT INTO `tg_privilege_role_menu` VALUES ('515', '1', '13');
INSERT INTO `tg_privilege_role_menu` VALUES ('516', '1', '14');
INSERT INTO `tg_privilege_role_menu` VALUES ('517', '1', '15');
INSERT INTO `tg_privilege_role_menu` VALUES ('518', '1', '16');
INSERT INTO `tg_privilege_role_menu` VALUES ('519', '1', '17');
INSERT INTO `tg_privilege_role_menu` VALUES ('520', '1', '18');
INSERT INTO `tg_privilege_role_menu` VALUES ('521', '1', '19');
INSERT INTO `tg_privilege_role_menu` VALUES ('522', '1', '20');
INSERT INTO `tg_privilege_role_menu` VALUES ('523', '1', '21');
INSERT INTO `tg_privilege_role_menu` VALUES ('524', '1', '22');
INSERT INTO `tg_privilege_role_menu` VALUES ('525', '1', '23');
INSERT INTO `tg_privilege_role_menu` VALUES ('526', '1', '147');
INSERT INTO `tg_privilege_role_menu` VALUES ('527', '1', '172');
INSERT INTO `tg_privilege_role_menu` VALUES ('528', '1', '173');
INSERT INTO `tg_privilege_role_menu` VALUES ('529', '1', '175');
INSERT INTO `tg_privilege_role_menu` VALUES ('530', '1', '135');
INSERT INTO `tg_privilege_role_menu` VALUES ('531', '1', '100');
INSERT INTO `tg_privilege_role_menu` VALUES ('532', '1', '101');
INSERT INTO `tg_privilege_role_menu` VALUES ('533', '1', '102');
INSERT INTO `tg_privilege_role_menu` VALUES ('534', '1', '103');
INSERT INTO `tg_privilege_role_menu` VALUES ('535', '1', '181');
INSERT INTO `tg_privilege_role_menu` VALUES ('536', '1', '182');
INSERT INTO `tg_privilege_role_menu` VALUES ('537', '1', '217');
INSERT INTO `tg_privilege_role_menu` VALUES ('538', '1', '218');
INSERT INTO `tg_privilege_role_menu` VALUES ('539', '1', '219');
INSERT INTO `tg_privilege_role_menu` VALUES ('540', '1', '220');
INSERT INTO `tg_privilege_role_menu` VALUES ('541', '1', '225');
INSERT INTO `tg_privilege_role_menu` VALUES ('542', '1', '226');
INSERT INTO `tg_privilege_role_menu` VALUES ('543', '1', '231');
INSERT INTO `tg_privilege_role_menu` VALUES ('544', '1', '233');
INSERT INTO `tg_privilege_role_menu` VALUES ('545', '1', '26');
INSERT INTO `tg_privilege_role_menu` VALUES ('546', '1', '27');
INSERT INTO `tg_privilege_role_menu` VALUES ('547', '1', '28');
INSERT INTO `tg_privilege_role_menu` VALUES ('548', '1', '131');
INSERT INTO `tg_privilege_role_menu` VALUES ('549', '1', '132');
INSERT INTO `tg_privilege_role_menu` VALUES ('550', '1', '33');
INSERT INTO `tg_privilege_role_menu` VALUES ('551', '1', '29');
INSERT INTO `tg_privilege_role_menu` VALUES ('552', '1', '150');
INSERT INTO `tg_privilege_role_menu` VALUES ('553', '1', '151');
INSERT INTO `tg_privilege_role_menu` VALUES ('554', '1', '130');
INSERT INTO `tg_privilege_role_menu` VALUES ('555', '1', '30');
INSERT INTO `tg_privilege_role_menu` VALUES ('556', '1', '154');
INSERT INTO `tg_privilege_role_menu` VALUES ('557', '1', '155');
INSERT INTO `tg_privilege_role_menu` VALUES ('558', '1', '148');
INSERT INTO `tg_privilege_role_menu` VALUES ('559', '1', '34');
INSERT INTO `tg_privilege_role_menu` VALUES ('560', '1', '35');
INSERT INTO `tg_privilege_role_menu` VALUES ('561', '1', '164');
INSERT INTO `tg_privilege_role_menu` VALUES ('562', '1', '165');
INSERT INTO `tg_privilege_role_menu` VALUES ('563', '1', '166');
INSERT INTO `tg_privilege_role_menu` VALUES ('564', '1', '167');
INSERT INTO `tg_privilege_role_menu` VALUES ('565', '1', '149');
INSERT INTO `tg_privilege_role_menu` VALUES ('566', '1', '32');
INSERT INTO `tg_privilege_role_menu` VALUES ('567', '1', '152');
INSERT INTO `tg_privilege_role_menu` VALUES ('568', '1', '153');
INSERT INTO `tg_privilege_role_menu` VALUES ('569', '1', '160');
INSERT INTO `tg_privilege_role_menu` VALUES ('570', '1', '31');
INSERT INTO `tg_privilege_role_menu` VALUES ('571', '1', '162');
INSERT INTO `tg_privilege_role_menu` VALUES ('572', '1', '163');
INSERT INTO `tg_privilege_role_menu` VALUES ('573', '1', '211');
INSERT INTO `tg_privilege_role_menu` VALUES ('574', '1', '212');
INSERT INTO `tg_privilege_role_menu` VALUES ('575', '1', '213');
INSERT INTO `tg_privilege_role_menu` VALUES ('576', '1', '214');
INSERT INTO `tg_privilege_role_menu` VALUES ('577', '1', '36');
INSERT INTO `tg_privilege_role_menu` VALUES ('578', '1', '37');
INSERT INTO `tg_privilege_role_menu` VALUES ('579', '1', '38');
INSERT INTO `tg_privilege_role_menu` VALUES ('580', '1', '39');
INSERT INTO `tg_privilege_role_menu` VALUES ('581', '1', '40');
INSERT INTO `tg_privilege_role_menu` VALUES ('582', '1', '41');
INSERT INTO `tg_privilege_role_menu` VALUES ('583', '1', '42');
INSERT INTO `tg_privilege_role_menu` VALUES ('584', '1', '43');
INSERT INTO `tg_privilege_role_menu` VALUES ('585', '1', '44');
INSERT INTO `tg_privilege_role_menu` VALUES ('586', '1', '45');
INSERT INTO `tg_privilege_role_menu` VALUES ('587', '1', '46');
INSERT INTO `tg_privilege_role_menu` VALUES ('588', '1', '47');
INSERT INTO `tg_privilege_role_menu` VALUES ('589', '1', '48');
INSERT INTO `tg_privilege_role_menu` VALUES ('590', '1', '49');
INSERT INTO `tg_privilege_role_menu` VALUES ('591', '1', '50');
INSERT INTO `tg_privilege_role_menu` VALUES ('592', '1', '51');
INSERT INTO `tg_privilege_role_menu` VALUES ('593', '1', '52');
INSERT INTO `tg_privilege_role_menu` VALUES ('594', '1', '53');
INSERT INTO `tg_privilege_role_menu` VALUES ('595', '1', '54');
INSERT INTO `tg_privilege_role_menu` VALUES ('596', '1', '55');
INSERT INTO `tg_privilege_role_menu` VALUES ('597', '1', '56');
INSERT INTO `tg_privilege_role_menu` VALUES ('598', '1', '57');
INSERT INTO `tg_privilege_role_menu` VALUES ('599', '1', '58');
INSERT INTO `tg_privilege_role_menu` VALUES ('600', '1', '59');
INSERT INTO `tg_privilege_role_menu` VALUES ('601', '1', '60');
INSERT INTO `tg_privilege_role_menu` VALUES ('602', '1', '61');
INSERT INTO `tg_privilege_role_menu` VALUES ('603', '1', '62');
INSERT INTO `tg_privilege_role_menu` VALUES ('604', '1', '63');
INSERT INTO `tg_privilege_role_menu` VALUES ('605', '1', '64');
INSERT INTO `tg_privilege_role_menu` VALUES ('606', '1', '65');
INSERT INTO `tg_privilege_role_menu` VALUES ('607', '1', '66');
INSERT INTO `tg_privilege_role_menu` VALUES ('608', '1', '67');
INSERT INTO `tg_privilege_role_menu` VALUES ('609', '1', '68');
INSERT INTO `tg_privilege_role_menu` VALUES ('610', '1', '69');
INSERT INTO `tg_privilege_role_menu` VALUES ('611', '1', '70');
INSERT INTO `tg_privilege_role_menu` VALUES ('612', '1', '215');
INSERT INTO `tg_privilege_role_menu` VALUES ('613', '1', '71');
INSERT INTO `tg_privilege_role_menu` VALUES ('614', '1', '72');
INSERT INTO `tg_privilege_role_menu` VALUES ('615', '1', '73');
INSERT INTO `tg_privilege_role_menu` VALUES ('616', '1', '74');
INSERT INTO `tg_privilege_role_menu` VALUES ('617', '1', '75');
INSERT INTO `tg_privilege_role_menu` VALUES ('618', '1', '76');
INSERT INTO `tg_privilege_role_menu` VALUES ('619', '1', '79');
INSERT INTO `tg_privilege_role_menu` VALUES ('620', '1', '80');
INSERT INTO `tg_privilege_role_menu` VALUES ('621', '1', '134');
INSERT INTO `tg_privilege_role_menu` VALUES ('622', '1', '216');
INSERT INTO `tg_privilege_role_menu` VALUES ('623', '1', '81');
INSERT INTO `tg_privilege_role_menu` VALUES ('624', '1', '82');
INSERT INTO `tg_privilege_role_menu` VALUES ('625', '1', '83');
INSERT INTO `tg_privilege_role_menu` VALUES ('626', '1', '84');
INSERT INTO `tg_privilege_role_menu` VALUES ('627', '1', '85');
INSERT INTO `tg_privilege_role_menu` VALUES ('628', '1', '86');
INSERT INTO `tg_privilege_role_menu` VALUES ('629', '1', '138');
INSERT INTO `tg_privilege_role_menu` VALUES ('630', '1', '139');
INSERT INTO `tg_privilege_role_menu` VALUES ('631', '1', '159');
INSERT INTO `tg_privilege_role_menu` VALUES ('632', '1', '174');
INSERT INTO `tg_privilege_role_menu` VALUES ('633', '1', '178');
INSERT INTO `tg_privilege_role_menu` VALUES ('634', '1', '179');
INSERT INTO `tg_privilege_role_menu` VALUES ('635', '1', '180');
INSERT INTO `tg_privilege_role_menu` VALUES ('636', '1', '105');
INSERT INTO `tg_privilege_role_menu` VALUES ('637', '1', '106');
INSERT INTO `tg_privilege_role_menu` VALUES ('638', '1', '107');
INSERT INTO `tg_privilege_role_menu` VALUES ('639', '1', '109');
INSERT INTO `tg_privilege_role_menu` VALUES ('640', '1', '113');
INSERT INTO `tg_privilege_role_menu` VALUES ('641', '1', '114');
INSERT INTO `tg_privilege_role_menu` VALUES ('642', '1', '133');
INSERT INTO `tg_privilege_role_menu` VALUES ('643', '1', '137');
INSERT INTO `tg_privilege_role_menu` VALUES ('644', '1', '227');
INSERT INTO `tg_privilege_role_menu` VALUES ('645', '1', '232');
INSERT INTO `tg_privilege_role_menu` VALUES ('646', '1', '142');
INSERT INTO `tg_privilege_role_menu` VALUES ('647', '1', '144');
INSERT INTO `tg_privilege_role_menu` VALUES ('648', '1', '145');
INSERT INTO `tg_privilege_role_menu` VALUES ('649', '1', '146');
INSERT INTO `tg_privilege_role_menu` VALUES ('650', '1', '168');
INSERT INTO `tg_privilege_role_menu` VALUES ('651', '1', '169');
INSERT INTO `tg_privilege_role_menu` VALUES ('652', '1', '170');
INSERT INTO `tg_privilege_role_menu` VALUES ('653', '1', '171');
INSERT INTO `tg_privilege_role_menu` VALUES ('654', '1', '210');
INSERT INTO `tg_privilege_role_menu` VALUES ('655', '1', '176');
INSERT INTO `tg_privilege_role_menu` VALUES ('656', '1', '177');
INSERT INTO `tg_privilege_role_menu` VALUES ('657', '1', '222');
INSERT INTO `tg_privilege_role_menu` VALUES ('658', '1', '223');
INSERT INTO `tg_privilege_role_menu` VALUES ('659', '1', '224');
INSERT INTO `tg_privilege_role_menu` VALUES ('660', '1', '228');
INSERT INTO `tg_privilege_role_menu` VALUES ('661', '1', '229');
INSERT INTO `tg_privilege_role_menu` VALUES ('662', '1', '230');
INSERT INTO `tg_privilege_role_menu` VALUES ('663', '1', '115');
INSERT INTO `tg_privilege_role_menu` VALUES ('664', '1', '116');
INSERT INTO `tg_privilege_role_menu` VALUES ('665', '1', '117');
INSERT INTO `tg_privilege_role_menu` VALUES ('666', '1', '118');
INSERT INTO `tg_privilege_role_menu` VALUES ('667', '1', '141');
INSERT INTO `tg_privilege_role_menu` VALUES ('668', '1', '119');
INSERT INTO `tg_privilege_role_menu` VALUES ('669', '1', '121');
INSERT INTO `tg_privilege_role_menu` VALUES ('670', '1', '122');
INSERT INTO `tg_privilege_role_menu` VALUES ('671', '1', '120');
INSERT INTO `tg_privilege_role_menu` VALUES ('672', '1', '124');
INSERT INTO `tg_privilege_role_menu` VALUES ('673', '1', '128');
INSERT INTO `tg_privilege_role_menu` VALUES ('674', '1', '129');
INSERT INTO `tg_privilege_role_menu` VALUES ('675', '1', '123');
INSERT INTO `tg_privilege_role_menu` VALUES ('676', '1', '125');
INSERT INTO `tg_privilege_role_menu` VALUES ('677', '1', '126');
INSERT INTO `tg_privilege_role_menu` VALUES ('678', '1', '127');
INSERT INTO `tg_privilege_role_menu` VALUES ('679', '1', '143');
INSERT INTO `tg_privilege_role_menu` VALUES ('680', '1', '136');
INSERT INTO `tg_privilege_role_menu` VALUES ('681', '1', '156');
INSERT INTO `tg_privilege_role_menu` VALUES ('682', '1', '157');
INSERT INTO `tg_privilege_role_menu` VALUES ('683', '1', '158');
INSERT INTO `tg_privilege_role_menu` VALUES ('825', '4', '1');
INSERT INTO `tg_privilege_role_menu` VALUES ('826', '4', '2');
INSERT INTO `tg_privilege_role_menu` VALUES ('827', '4', '3');
INSERT INTO `tg_privilege_role_menu` VALUES ('828', '4', '4');
INSERT INTO `tg_privilege_role_menu` VALUES ('829', '4', '12');
INSERT INTO `tg_privilege_role_menu` VALUES ('830', '4', '13');
INSERT INTO `tg_privilege_role_menu` VALUES ('831', '4', '14');
INSERT INTO `tg_privilege_role_menu` VALUES ('832', '4', '15');
INSERT INTO `tg_privilege_role_menu` VALUES ('833', '4', '181');
INSERT INTO `tg_privilege_role_menu` VALUES ('834', '4', '226');
INSERT INTO `tg_privilege_role_menu` VALUES ('835', '4', '233');
INSERT INTO `tg_privilege_role_menu` VALUES ('836', '4', '26');
INSERT INTO `tg_privilege_role_menu` VALUES ('837', '4', '27');
INSERT INTO `tg_privilege_role_menu` VALUES ('838', '4', '28');
INSERT INTO `tg_privilege_role_menu` VALUES ('839', '4', '131');
INSERT INTO `tg_privilege_role_menu` VALUES ('840', '4', '132');
INSERT INTO `tg_privilege_role_menu` VALUES ('841', '4', '33');
INSERT INTO `tg_privilege_role_menu` VALUES ('842', '4', '29');
INSERT INTO `tg_privilege_role_menu` VALUES ('843', '4', '150');
INSERT INTO `tg_privilege_role_menu` VALUES ('844', '4', '151');
INSERT INTO `tg_privilege_role_menu` VALUES ('845', '4', '130');
INSERT INTO `tg_privilege_role_menu` VALUES ('846', '4', '30');
INSERT INTO `tg_privilege_role_menu` VALUES ('847', '4', '154');
INSERT INTO `tg_privilege_role_menu` VALUES ('848', '4', '155');
INSERT INTO `tg_privilege_role_menu` VALUES ('849', '4', '148');
INSERT INTO `tg_privilege_role_menu` VALUES ('850', '4', '34');
INSERT INTO `tg_privilege_role_menu` VALUES ('851', '4', '35');
INSERT INTO `tg_privilege_role_menu` VALUES ('852', '4', '164');
INSERT INTO `tg_privilege_role_menu` VALUES ('853', '4', '165');
INSERT INTO `tg_privilege_role_menu` VALUES ('854', '4', '166');
INSERT INTO `tg_privilege_role_menu` VALUES ('855', '4', '167');
INSERT INTO `tg_privilege_role_menu` VALUES ('856', '4', '149');
INSERT INTO `tg_privilege_role_menu` VALUES ('857', '4', '32');
INSERT INTO `tg_privilege_role_menu` VALUES ('858', '4', '152');
INSERT INTO `tg_privilege_role_menu` VALUES ('859', '4', '153');
INSERT INTO `tg_privilege_role_menu` VALUES ('860', '4', '160');
INSERT INTO `tg_privilege_role_menu` VALUES ('861', '4', '31');
INSERT INTO `tg_privilege_role_menu` VALUES ('862', '4', '162');
INSERT INTO `tg_privilege_role_menu` VALUES ('863', '4', '163');
INSERT INTO `tg_privilege_role_menu` VALUES ('864', '4', '211');
INSERT INTO `tg_privilege_role_menu` VALUES ('865', '4', '212');
INSERT INTO `tg_privilege_role_menu` VALUES ('866', '4', '213');
INSERT INTO `tg_privilege_role_menu` VALUES ('867', '4', '214');
INSERT INTO `tg_privilege_role_menu` VALUES ('868', '4', '236');
INSERT INTO `tg_privilege_role_menu` VALUES ('869', '4', '237');
INSERT INTO `tg_privilege_role_menu` VALUES ('870', '4', '238');
INSERT INTO `tg_privilege_role_menu` VALUES ('871', '4', '239');
INSERT INTO `tg_privilege_role_menu` VALUES ('1070', '6', '1');
INSERT INTO `tg_privilege_role_menu` VALUES ('1071', '6', '2');
INSERT INTO `tg_privilege_role_menu` VALUES ('1072', '6', '3');
INSERT INTO `tg_privilege_role_menu` VALUES ('1073', '6', '4');
INSERT INTO `tg_privilege_role_menu` VALUES ('1074', '6', '12');
INSERT INTO `tg_privilege_role_menu` VALUES ('1075', '6', '13');
INSERT INTO `tg_privilege_role_menu` VALUES ('1076', '6', '14');
INSERT INTO `tg_privilege_role_menu` VALUES ('1077', '6', '26');
INSERT INTO `tg_privilege_role_menu` VALUES ('1078', '6', '27');
INSERT INTO `tg_privilege_role_menu` VALUES ('1079', '6', '28');
INSERT INTO `tg_privilege_role_menu` VALUES ('1080', '6', '131');
INSERT INTO `tg_privilege_role_menu` VALUES ('1081', '6', '132');
INSERT INTO `tg_privilege_role_menu` VALUES ('1082', '6', '33');
INSERT INTO `tg_privilege_role_menu` VALUES ('1083', '6', '29');
INSERT INTO `tg_privilege_role_menu` VALUES ('1084', '6', '150');
INSERT INTO `tg_privilege_role_menu` VALUES ('1085', '6', '151');
INSERT INTO `tg_privilege_role_menu` VALUES ('1086', '6', '130');
INSERT INTO `tg_privilege_role_menu` VALUES ('1087', '6', '30');
INSERT INTO `tg_privilege_role_menu` VALUES ('1088', '6', '154');
INSERT INTO `tg_privilege_role_menu` VALUES ('1089', '6', '155');
INSERT INTO `tg_privilege_role_menu` VALUES ('1090', '6', '148');
INSERT INTO `tg_privilege_role_menu` VALUES ('1091', '6', '34');
INSERT INTO `tg_privilege_role_menu` VALUES ('1092', '6', '35');
INSERT INTO `tg_privilege_role_menu` VALUES ('1093', '6', '164');
INSERT INTO `tg_privilege_role_menu` VALUES ('1094', '6', '165');
INSERT INTO `tg_privilege_role_menu` VALUES ('1095', '6', '166');
INSERT INTO `tg_privilege_role_menu` VALUES ('1096', '6', '167');
INSERT INTO `tg_privilege_role_menu` VALUES ('1097', '6', '149');
INSERT INTO `tg_privilege_role_menu` VALUES ('1098', '6', '32');
INSERT INTO `tg_privilege_role_menu` VALUES ('1099', '6', '152');
INSERT INTO `tg_privilege_role_menu` VALUES ('1100', '6', '153');
INSERT INTO `tg_privilege_role_menu` VALUES ('1101', '6', '160');
INSERT INTO `tg_privilege_role_menu` VALUES ('1102', '6', '31');
INSERT INTO `tg_privilege_role_menu` VALUES ('1103', '6', '162');
INSERT INTO `tg_privilege_role_menu` VALUES ('1104', '6', '163');
INSERT INTO `tg_privilege_role_menu` VALUES ('1105', '6', '211');
INSERT INTO `tg_privilege_role_menu` VALUES ('1106', '6', '212');
INSERT INTO `tg_privilege_role_menu` VALUES ('1107', '6', '213');
INSERT INTO `tg_privilege_role_menu` VALUES ('1108', '6', '214');
INSERT INTO `tg_privilege_role_menu` VALUES ('1109', '6', '236');
INSERT INTO `tg_privilege_role_menu` VALUES ('1110', '6', '237');
INSERT INTO `tg_privilege_role_menu` VALUES ('1111', '6', '238');
INSERT INTO `tg_privilege_role_menu` VALUES ('1112', '6', '239');
INSERT INTO `tg_privilege_role_menu` VALUES ('1113', '6', '45');
INSERT INTO `tg_privilege_role_menu` VALUES ('1114', '6', '46');
INSERT INTO `tg_privilege_role_menu` VALUES ('1115', '6', '47');
INSERT INTO `tg_privilege_role_menu` VALUES ('1116', '6', '48');
INSERT INTO `tg_privilege_role_menu` VALUES ('1117', '6', '49');
INSERT INTO `tg_privilege_role_menu` VALUES ('1118', '6', '50');
INSERT INTO `tg_privilege_role_menu` VALUES ('1119', '6', '51');
INSERT INTO `tg_privilege_role_menu` VALUES ('1120', '13', '1');
INSERT INTO `tg_privilege_role_menu` VALUES ('1121', '13', '2');
INSERT INTO `tg_privilege_role_menu` VALUES ('1122', '13', '3');
INSERT INTO `tg_privilege_role_menu` VALUES ('1123', '13', '4');
INSERT INTO `tg_privilege_role_menu` VALUES ('1124', '13', '12');
INSERT INTO `tg_privilege_role_menu` VALUES ('1125', '13', '13');
INSERT INTO `tg_privilege_role_menu` VALUES ('1126', '13', '14');
INSERT INTO `tg_privilege_role_menu` VALUES ('1127', '13', '26');
INSERT INTO `tg_privilege_role_menu` VALUES ('1128', '13', '27');
INSERT INTO `tg_privilege_role_menu` VALUES ('1129', '13', '28');
INSERT INTO `tg_privilege_role_menu` VALUES ('1130', '13', '131');
INSERT INTO `tg_privilege_role_menu` VALUES ('1131', '13', '132');
INSERT INTO `tg_privilege_role_menu` VALUES ('1132', '13', '130');
INSERT INTO `tg_privilege_role_menu` VALUES ('1133', '13', '30');
INSERT INTO `tg_privilege_role_menu` VALUES ('1134', '13', '154');
INSERT INTO `tg_privilege_role_menu` VALUES ('1135', '13', '155');
INSERT INTO `tg_privilege_role_menu` VALUES ('1136', '13', '148');
INSERT INTO `tg_privilege_role_menu` VALUES ('1137', '13', '34');
INSERT INTO `tg_privilege_role_menu` VALUES ('1138', '13', '35');
INSERT INTO `tg_privilege_role_menu` VALUES ('1139', '13', '164');
INSERT INTO `tg_privilege_role_menu` VALUES ('1140', '13', '165');
INSERT INTO `tg_privilege_role_menu` VALUES ('1141', '13', '166');
INSERT INTO `tg_privilege_role_menu` VALUES ('1142', '13', '167');
INSERT INTO `tg_privilege_role_menu` VALUES ('1143', '13', '160');
INSERT INTO `tg_privilege_role_menu` VALUES ('1144', '13', '31');
INSERT INTO `tg_privilege_role_menu` VALUES ('1145', '13', '162');
INSERT INTO `tg_privilege_role_menu` VALUES ('1146', '13', '163');
INSERT INTO `tg_privilege_role_menu` VALUES ('1147', '13', '236');
INSERT INTO `tg_privilege_role_menu` VALUES ('1148', '13', '237');
INSERT INTO `tg_privilege_role_menu` VALUES ('1149', '13', '238');
INSERT INTO `tg_privilege_role_menu` VALUES ('1150', '13', '239');
INSERT INTO `tg_privilege_role_menu` VALUES ('1179', '1', '240');
INSERT INTO `tg_privilege_role_menu` VALUES ('1180', '1', '241');
INSERT INTO `tg_privilege_role_menu` VALUES ('1181', '1', '242');
INSERT INTO `tg_privilege_role_menu` VALUES ('1182', '1', '243');
INSERT INTO `tg_privilege_role_menu` VALUES ('1183', '2', '240');
INSERT INTO `tg_privilege_role_menu` VALUES ('1184', '2', '241');
INSERT INTO `tg_privilege_role_menu` VALUES ('1185', '2', '242');
INSERT INTO `tg_privilege_role_menu` VALUES ('1186', '2', '243');
INSERT INTO `tg_privilege_role_menu` VALUES ('1187', '3', '240');
INSERT INTO `tg_privilege_role_menu` VALUES ('1188', '3', '241');
INSERT INTO `tg_privilege_role_menu` VALUES ('1189', '3', '242');
INSERT INTO `tg_privilege_role_menu` VALUES ('1190', '3', '243');
INSERT INTO `tg_privilege_role_menu` VALUES ('1191', '4', '240');
INSERT INTO `tg_privilege_role_menu` VALUES ('1192', '4', '241');
INSERT INTO `tg_privilege_role_menu` VALUES ('1193', '4', '242');
INSERT INTO `tg_privilege_role_menu` VALUES ('1194', '4', '243');
INSERT INTO `tg_privilege_role_menu` VALUES ('1199', '6', '240');
INSERT INTO `tg_privilege_role_menu` VALUES ('1200', '6', '241');
INSERT INTO `tg_privilege_role_menu` VALUES ('1201', '6', '242');
INSERT INTO `tg_privilege_role_menu` VALUES ('1202', '6', '243');
INSERT INTO `tg_privilege_role_menu` VALUES ('1203', '7', '240');
INSERT INTO `tg_privilege_role_menu` VALUES ('1204', '7', '241');
INSERT INTO `tg_privilege_role_menu` VALUES ('1205', '7', '242');
INSERT INTO `tg_privilege_role_menu` VALUES ('1206', '7', '243');
INSERT INTO `tg_privilege_role_menu` VALUES ('1207', '8', '240');
INSERT INTO `tg_privilege_role_menu` VALUES ('1208', '8', '241');
INSERT INTO `tg_privilege_role_menu` VALUES ('1209', '8', '242');
INSERT INTO `tg_privilege_role_menu` VALUES ('1210', '8', '243');
INSERT INTO `tg_privilege_role_menu` VALUES ('1227', '13', '240');
INSERT INTO `tg_privilege_role_menu` VALUES ('1228', '13', '241');
INSERT INTO `tg_privilege_role_menu` VALUES ('1229', '13', '242');
INSERT INTO `tg_privilege_role_menu` VALUES ('1230', '13', '243');
INSERT INTO `tg_privilege_role_menu` VALUES ('1235', '15', '240');
INSERT INTO `tg_privilege_role_menu` VALUES ('1236', '15', '241');
INSERT INTO `tg_privilege_role_menu` VALUES ('1237', '15', '242');
INSERT INTO `tg_privilege_role_menu` VALUES ('1238', '15', '243');
INSERT INTO `tg_privilege_role_menu` VALUES ('1239', '16', '240');
INSERT INTO `tg_privilege_role_menu` VALUES ('1240', '16', '241');
INSERT INTO `tg_privilege_role_menu` VALUES ('1241', '16', '242');
INSERT INTO `tg_privilege_role_menu` VALUES ('1242', '16', '243');
INSERT INTO `tg_privilege_role_menu` VALUES ('1243', '17', '240');
INSERT INTO `tg_privilege_role_menu` VALUES ('1244', '17', '241');
INSERT INTO `tg_privilege_role_menu` VALUES ('1245', '17', '242');
INSERT INTO `tg_privilege_role_menu` VALUES ('1246', '17', '243');
INSERT INTO `tg_privilege_role_menu` VALUES ('1275', '14', '1');
INSERT INTO `tg_privilege_role_menu` VALUES ('1276', '14', '2');
INSERT INTO `tg_privilege_role_menu` VALUES ('1277', '14', '3');
INSERT INTO `tg_privilege_role_menu` VALUES ('1278', '14', '240');
INSERT INTO `tg_privilege_role_menu` VALUES ('1279', '14', '241');
INSERT INTO `tg_privilege_role_menu` VALUES ('1280', '14', '242');
INSERT INTO `tg_privilege_role_menu` VALUES ('1281', '14', '243');
INSERT INTO `tg_privilege_role_menu` VALUES ('1282', '14', '4');
INSERT INTO `tg_privilege_role_menu` VALUES ('1283', '14', '12');
INSERT INTO `tg_privilege_role_menu` VALUES ('1284', '14', '13');
INSERT INTO `tg_privilege_role_menu` VALUES ('1285', '14', '14');
INSERT INTO `tg_privilege_role_menu` VALUES ('1286', '14', '26');
INSERT INTO `tg_privilege_role_menu` VALUES ('1287', '14', '27');
INSERT INTO `tg_privilege_role_menu` VALUES ('1288', '14', '28');
INSERT INTO `tg_privilege_role_menu` VALUES ('1289', '14', '131');
INSERT INTO `tg_privilege_role_menu` VALUES ('1290', '14', '132');
INSERT INTO `tg_privilege_role_menu` VALUES ('1291', '14', '33');
INSERT INTO `tg_privilege_role_menu` VALUES ('1292', '14', '29');
INSERT INTO `tg_privilege_role_menu` VALUES ('1293', '14', '150');
INSERT INTO `tg_privilege_role_menu` VALUES ('1294', '14', '151');
INSERT INTO `tg_privilege_role_menu` VALUES ('1295', '14', '130');
INSERT INTO `tg_privilege_role_menu` VALUES ('1296', '14', '30');
INSERT INTO `tg_privilege_role_menu` VALUES ('1297', '14', '154');
INSERT INTO `tg_privilege_role_menu` VALUES ('1298', '14', '155');
INSERT INTO `tg_privilege_role_menu` VALUES ('1299', '14', '148');
INSERT INTO `tg_privilege_role_menu` VALUES ('1300', '14', '34');
INSERT INTO `tg_privilege_role_menu` VALUES ('1301', '14', '35');
INSERT INTO `tg_privilege_role_menu` VALUES ('1302', '14', '164');
INSERT INTO `tg_privilege_role_menu` VALUES ('1303', '14', '165');
INSERT INTO `tg_privilege_role_menu` VALUES ('1304', '14', '166');
INSERT INTO `tg_privilege_role_menu` VALUES ('1305', '14', '167');
INSERT INTO `tg_privilege_role_menu` VALUES ('1306', '14', '149');
INSERT INTO `tg_privilege_role_menu` VALUES ('1307', '14', '32');
INSERT INTO `tg_privilege_role_menu` VALUES ('1308', '14', '152');
INSERT INTO `tg_privilege_role_menu` VALUES ('1309', '14', '153');
INSERT INTO `tg_privilege_role_menu` VALUES ('1310', '14', '160');
INSERT INTO `tg_privilege_role_menu` VALUES ('1311', '14', '31');
INSERT INTO `tg_privilege_role_menu` VALUES ('1312', '14', '162');
INSERT INTO `tg_privilege_role_menu` VALUES ('1313', '14', '163');
INSERT INTO `tg_privilege_role_menu` VALUES ('1314', '14', '211');
INSERT INTO `tg_privilege_role_menu` VALUES ('1315', '14', '212');
INSERT INTO `tg_privilege_role_menu` VALUES ('1316', '14', '213');
INSERT INTO `tg_privilege_role_menu` VALUES ('1317', '14', '214');
INSERT INTO `tg_privilege_role_menu` VALUES ('1318', '14', '236');
INSERT INTO `tg_privilege_role_menu` VALUES ('1319', '14', '237');
INSERT INTO `tg_privilege_role_menu` VALUES ('1320', '14', '238');
INSERT INTO `tg_privilege_role_menu` VALUES ('1321', '14', '239');
INSERT INTO `tg_privilege_role_menu` VALUES ('1322', '12', '1');
INSERT INTO `tg_privilege_role_menu` VALUES ('1323', '12', '2');
INSERT INTO `tg_privilege_role_menu` VALUES ('1324', '12', '3');
INSERT INTO `tg_privilege_role_menu` VALUES ('1325', '12', '240');
INSERT INTO `tg_privilege_role_menu` VALUES ('1326', '12', '241');
INSERT INTO `tg_privilege_role_menu` VALUES ('1327', '12', '242');
INSERT INTO `tg_privilege_role_menu` VALUES ('1328', '12', '243');
INSERT INTO `tg_privilege_role_menu` VALUES ('1329', '12', '4');
INSERT INTO `tg_privilege_role_menu` VALUES ('1330', '12', '12');
INSERT INTO `tg_privilege_role_menu` VALUES ('1331', '12', '13');
INSERT INTO `tg_privilege_role_menu` VALUES ('1332', '12', '14');
INSERT INTO `tg_privilege_role_menu` VALUES ('1333', '12', '26');
INSERT INTO `tg_privilege_role_menu` VALUES ('1334', '12', '27');
INSERT INTO `tg_privilege_role_menu` VALUES ('1335', '12', '28');
INSERT INTO `tg_privilege_role_menu` VALUES ('1336', '12', '131');
INSERT INTO `tg_privilege_role_menu` VALUES ('1337', '12', '132');
INSERT INTO `tg_privilege_role_menu` VALUES ('1338', '12', '33');
INSERT INTO `tg_privilege_role_menu` VALUES ('1339', '12', '29');
INSERT INTO `tg_privilege_role_menu` VALUES ('1340', '12', '150');
INSERT INTO `tg_privilege_role_menu` VALUES ('1341', '12', '151');
INSERT INTO `tg_privilege_role_menu` VALUES ('1342', '12', '130');
INSERT INTO `tg_privilege_role_menu` VALUES ('1343', '12', '30');
INSERT INTO `tg_privilege_role_menu` VALUES ('1344', '12', '154');
INSERT INTO `tg_privilege_role_menu` VALUES ('1345', '12', '155');
INSERT INTO `tg_privilege_role_menu` VALUES ('1346', '12', '148');
INSERT INTO `tg_privilege_role_menu` VALUES ('1347', '12', '34');
INSERT INTO `tg_privilege_role_menu` VALUES ('1348', '12', '35');
INSERT INTO `tg_privilege_role_menu` VALUES ('1349', '12', '164');
INSERT INTO `tg_privilege_role_menu` VALUES ('1350', '12', '165');
INSERT INTO `tg_privilege_role_menu` VALUES ('1351', '12', '166');
INSERT INTO `tg_privilege_role_menu` VALUES ('1352', '12', '167');
INSERT INTO `tg_privilege_role_menu` VALUES ('1353', '12', '149');
INSERT INTO `tg_privilege_role_menu` VALUES ('1354', '12', '32');
INSERT INTO `tg_privilege_role_menu` VALUES ('1355', '12', '152');
INSERT INTO `tg_privilege_role_menu` VALUES ('1356', '12', '153');
INSERT INTO `tg_privilege_role_menu` VALUES ('1357', '12', '160');
INSERT INTO `tg_privilege_role_menu` VALUES ('1358', '12', '31');
INSERT INTO `tg_privilege_role_menu` VALUES ('1359', '12', '162');
INSERT INTO `tg_privilege_role_menu` VALUES ('1360', '12', '163');
INSERT INTO `tg_privilege_role_menu` VALUES ('1361', '12', '211');
INSERT INTO `tg_privilege_role_menu` VALUES ('1362', '12', '212');
INSERT INTO `tg_privilege_role_menu` VALUES ('1363', '12', '213');
INSERT INTO `tg_privilege_role_menu` VALUES ('1364', '12', '214');
INSERT INTO `tg_privilege_role_menu` VALUES ('1365', '12', '236');
INSERT INTO `tg_privilege_role_menu` VALUES ('1366', '12', '237');
INSERT INTO `tg_privilege_role_menu` VALUES ('1367', '12', '238');
INSERT INTO `tg_privilege_role_menu` VALUES ('1368', '12', '239');
INSERT INTO `tg_privilege_role_menu` VALUES ('1369', '1', '244');
INSERT INTO `tg_privilege_role_menu` VALUES ('1370', '2', '244');
INSERT INTO `tg_privilege_role_menu` VALUES ('1371', '3', '244');
INSERT INTO `tg_privilege_role_menu` VALUES ('1372', '4', '244');
INSERT INTO `tg_privilege_role_menu` VALUES ('1374', '6', '244');
INSERT INTO `tg_privilege_role_menu` VALUES ('1375', '7', '244');
INSERT INTO `tg_privilege_role_menu` VALUES ('1376', '8', '244');
INSERT INTO `tg_privilege_role_menu` VALUES ('1380', '12', '244');
INSERT INTO `tg_privilege_role_menu` VALUES ('1381', '13', '244');
INSERT INTO `tg_privilege_role_menu` VALUES ('1382', '14', '244');
INSERT INTO `tg_privilege_role_menu` VALUES ('1383', '15', '244');
INSERT INTO `tg_privilege_role_menu` VALUES ('1384', '16', '244');
INSERT INTO `tg_privilege_role_menu` VALUES ('1385', '17', '244');
INSERT INTO `tg_privilege_role_menu` VALUES ('1426', '10', '1');
INSERT INTO `tg_privilege_role_menu` VALUES ('1427', '10', '2');
INSERT INTO `tg_privilege_role_menu` VALUES ('1428', '10', '3');
INSERT INTO `tg_privilege_role_menu` VALUES ('2022', '11', '1');
INSERT INTO `tg_privilege_role_menu` VALUES ('2023', '11', '2');
INSERT INTO `tg_privilege_role_menu` VALUES ('2024', '11', '3');
INSERT INTO `tg_privilege_role_menu` VALUES ('2025', '11', '240');
INSERT INTO `tg_privilege_role_menu` VALUES ('2026', '11', '241');
INSERT INTO `tg_privilege_role_menu` VALUES ('2027', '11', '242');
INSERT INTO `tg_privilege_role_menu` VALUES ('2028', '11', '243');
INSERT INTO `tg_privilege_role_menu` VALUES ('2029', '11', '4');
INSERT INTO `tg_privilege_role_menu` VALUES ('2030', '11', '12');
INSERT INTO `tg_privilege_role_menu` VALUES ('2031', '11', '14');
INSERT INTO `tg_privilege_role_menu` VALUES ('2032', '11', '45');
INSERT INTO `tg_privilege_role_menu` VALUES ('2033', '11', '81');
INSERT INTO `tg_privilege_role_menu` VALUES ('2034', '11', '244');
INSERT INTO `tg_privilege_role_menu` VALUES ('2035', '11', '105');
INSERT INTO `tg_privilege_role_menu` VALUES ('2036', '11', '106');
INSERT INTO `tg_privilege_role_menu` VALUES ('2037', '11', '107');
INSERT INTO `tg_privilege_role_menu` VALUES ('2038', '11', '109');
INSERT INTO `tg_privilege_role_menu` VALUES ('2039', '11', '113');
INSERT INTO `tg_privilege_role_menu` VALUES ('2040', '11', '114');
INSERT INTO `tg_privilege_role_menu` VALUES ('2041', '11', '133');
INSERT INTO `tg_privilege_role_menu` VALUES ('2042', '11', '137');
INSERT INTO `tg_privilege_role_menu` VALUES ('2043', '11', '227');
INSERT INTO `tg_privilege_role_menu` VALUES ('2044', '11', '232');
INSERT INTO `tg_privilege_role_menu` VALUES ('2045', '11', '235');
INSERT INTO `tg_privilege_role_menu` VALUES ('2046', '11', '247');
INSERT INTO `tg_privilege_role_menu` VALUES ('2047', '11', '248');
INSERT INTO `tg_privilege_role_menu` VALUES ('2048', '11', '249');
INSERT INTO `tg_privilege_role_menu` VALUES ('2049', '11', '250');
INSERT INTO `tg_privilege_role_menu` VALUES ('2050', '11', '251');
INSERT INTO `tg_privilege_role_menu` VALUES ('2051', '11', '252');
INSERT INTO `tg_privilege_role_menu` VALUES ('2052', '11', '253');
INSERT INTO `tg_privilege_role_menu` VALUES ('2053', '11', '254');
INSERT INTO `tg_privilege_role_menu` VALUES ('2054', '11', '255');
INSERT INTO `tg_privilege_role_menu` VALUES ('2055', '11', '256');
INSERT INTO `tg_privilege_role_menu` VALUES ('2056', '11', '257');
INSERT INTO `tg_privilege_role_menu` VALUES ('2057', '11', '258');
INSERT INTO `tg_privilege_role_menu` VALUES ('2058', '11', '115');
INSERT INTO `tg_privilege_role_menu` VALUES ('2059', '11', '116');
INSERT INTO `tg_privilege_role_menu` VALUES ('2060', '11', '117');
INSERT INTO `tg_privilege_role_menu` VALUES ('2061', '11', '118');
INSERT INTO `tg_privilege_role_menu` VALUES ('2062', '11', '141');
INSERT INTO `tg_privilege_role_menu` VALUES ('2063', '11', '119');
INSERT INTO `tg_privilege_role_menu` VALUES ('2064', '11', '121');
INSERT INTO `tg_privilege_role_menu` VALUES ('2065', '11', '122');
INSERT INTO `tg_privilege_role_menu` VALUES ('2066', '11', '120');
INSERT INTO `tg_privilege_role_menu` VALUES ('2067', '11', '124');
INSERT INTO `tg_privilege_role_menu` VALUES ('2068', '11', '128');
INSERT INTO `tg_privilege_role_menu` VALUES ('2069', '11', '129');
INSERT INTO `tg_privilege_role_menu` VALUES ('2070', '11', '123');
INSERT INTO `tg_privilege_role_menu` VALUES ('2071', '11', '125');
INSERT INTO `tg_privilege_role_menu` VALUES ('2072', '11', '126');
INSERT INTO `tg_privilege_role_menu` VALUES ('2073', '11', '127');
INSERT INTO `tg_privilege_role_menu` VALUES ('2074', '11', '143');
INSERT INTO `tg_privilege_role_menu` VALUES ('2075', '11', '136');
INSERT INTO `tg_privilege_role_menu` VALUES ('2076', '11', '156');
INSERT INTO `tg_privilege_role_menu` VALUES ('2077', '11', '157');
INSERT INTO `tg_privilege_role_menu` VALUES ('2078', '11', '158');
INSERT INTO `tg_privilege_role_menu` VALUES ('3175', '5', '1');
INSERT INTO `tg_privilege_role_menu` VALUES ('3176', '5', '2');
INSERT INTO `tg_privilege_role_menu` VALUES ('3177', '5', '3');
INSERT INTO `tg_privilege_role_menu` VALUES ('3178', '5', '240');
INSERT INTO `tg_privilege_role_menu` VALUES ('3179', '5', '241');
INSERT INTO `tg_privilege_role_menu` VALUES ('3180', '5', '242');
INSERT INTO `tg_privilege_role_menu` VALUES ('3181', '5', '243');
INSERT INTO `tg_privilege_role_menu` VALUES ('3182', '5', '4');
INSERT INTO `tg_privilege_role_menu` VALUES ('3183', '5', '5');
INSERT INTO `tg_privilege_role_menu` VALUES ('3184', '5', '6');
INSERT INTO `tg_privilege_role_menu` VALUES ('3185', '5', '7');
INSERT INTO `tg_privilege_role_menu` VALUES ('3186', '5', '8');
INSERT INTO `tg_privilege_role_menu` VALUES ('3187', '5', '9');
INSERT INTO `tg_privilege_role_menu` VALUES ('3188', '5', '104');
INSERT INTO `tg_privilege_role_menu` VALUES ('3189', '5', '12');
INSERT INTO `tg_privilege_role_menu` VALUES ('3190', '5', '14');
INSERT INTO `tg_privilege_role_menu` VALUES ('3191', '5', '15');
INSERT INTO `tg_privilege_role_menu` VALUES ('3192', '5', '16');
INSERT INTO `tg_privilege_role_menu` VALUES ('3193', '5', '17');
INSERT INTO `tg_privilege_role_menu` VALUES ('3194', '5', '18');
INSERT INTO `tg_privilege_role_menu` VALUES ('3195', '5', '19');
INSERT INTO `tg_privilege_role_menu` VALUES ('3196', '5', '20');
INSERT INTO `tg_privilege_role_menu` VALUES ('3197', '5', '21');
INSERT INTO `tg_privilege_role_menu` VALUES ('3198', '5', '22');
INSERT INTO `tg_privilege_role_menu` VALUES ('3199', '5', '23');
INSERT INTO `tg_privilege_role_menu` VALUES ('3200', '5', '147');
INSERT INTO `tg_privilege_role_menu` VALUES ('3201', '5', '172');
INSERT INTO `tg_privilege_role_menu` VALUES ('3202', '5', '173');
INSERT INTO `tg_privilege_role_menu` VALUES ('3203', '5', '175');
INSERT INTO `tg_privilege_role_menu` VALUES ('3204', '5', '135');
INSERT INTO `tg_privilege_role_menu` VALUES ('3205', '5', '100');
INSERT INTO `tg_privilege_role_menu` VALUES ('3206', '5', '101');
INSERT INTO `tg_privilege_role_menu` VALUES ('3207', '5', '102');
INSERT INTO `tg_privilege_role_menu` VALUES ('3208', '5', '103');
INSERT INTO `tg_privilege_role_menu` VALUES ('3209', '5', '181');
INSERT INTO `tg_privilege_role_menu` VALUES ('3210', '5', '182');
INSERT INTO `tg_privilege_role_menu` VALUES ('3211', '5', '217');
INSERT INTO `tg_privilege_role_menu` VALUES ('3212', '5', '218');
INSERT INTO `tg_privilege_role_menu` VALUES ('3213', '5', '219');
INSERT INTO `tg_privilege_role_menu` VALUES ('3214', '5', '220');
INSERT INTO `tg_privilege_role_menu` VALUES ('3215', '5', '225');
INSERT INTO `tg_privilege_role_menu` VALUES ('3216', '5', '226');
INSERT INTO `tg_privilege_role_menu` VALUES ('3217', '5', '231');
INSERT INTO `tg_privilege_role_menu` VALUES ('3218', '5', '233');
INSERT INTO `tg_privilege_role_menu` VALUES ('3219', '5', '26');
INSERT INTO `tg_privilege_role_menu` VALUES ('3220', '5', '27');
INSERT INTO `tg_privilege_role_menu` VALUES ('3221', '5', '28');
INSERT INTO `tg_privilege_role_menu` VALUES ('3222', '5', '131');
INSERT INTO `tg_privilege_role_menu` VALUES ('3223', '5', '132');
INSERT INTO `tg_privilege_role_menu` VALUES ('3224', '5', '33');
INSERT INTO `tg_privilege_role_menu` VALUES ('3225', '5', '29');
INSERT INTO `tg_privilege_role_menu` VALUES ('3226', '5', '150');
INSERT INTO `tg_privilege_role_menu` VALUES ('3227', '5', '151');
INSERT INTO `tg_privilege_role_menu` VALUES ('3228', '5', '130');
INSERT INTO `tg_privilege_role_menu` VALUES ('3229', '5', '30');
INSERT INTO `tg_privilege_role_menu` VALUES ('3230', '5', '154');
INSERT INTO `tg_privilege_role_menu` VALUES ('3231', '5', '155');
INSERT INTO `tg_privilege_role_menu` VALUES ('3232', '5', '148');
INSERT INTO `tg_privilege_role_menu` VALUES ('3233', '5', '34');
INSERT INTO `tg_privilege_role_menu` VALUES ('3234', '5', '35');
INSERT INTO `tg_privilege_role_menu` VALUES ('3235', '5', '164');
INSERT INTO `tg_privilege_role_menu` VALUES ('3236', '5', '165');
INSERT INTO `tg_privilege_role_menu` VALUES ('3237', '5', '166');
INSERT INTO `tg_privilege_role_menu` VALUES ('3238', '5', '167');
INSERT INTO `tg_privilege_role_menu` VALUES ('3239', '5', '149');
INSERT INTO `tg_privilege_role_menu` VALUES ('3240', '5', '32');
INSERT INTO `tg_privilege_role_menu` VALUES ('3241', '5', '152');
INSERT INTO `tg_privilege_role_menu` VALUES ('3242', '5', '153');
INSERT INTO `tg_privilege_role_menu` VALUES ('3243', '5', '160');
INSERT INTO `tg_privilege_role_menu` VALUES ('3244', '5', '31');
INSERT INTO `tg_privilege_role_menu` VALUES ('3245', '5', '162');
INSERT INTO `tg_privilege_role_menu` VALUES ('3246', '5', '163');
INSERT INTO `tg_privilege_role_menu` VALUES ('3247', '5', '211');
INSERT INTO `tg_privilege_role_menu` VALUES ('3248', '5', '212');
INSERT INTO `tg_privilege_role_menu` VALUES ('3249', '5', '213');
INSERT INTO `tg_privilege_role_menu` VALUES ('3250', '5', '214');
INSERT INTO `tg_privilege_role_menu` VALUES ('3251', '5', '36');
INSERT INTO `tg_privilege_role_menu` VALUES ('3252', '5', '37');
INSERT INTO `tg_privilege_role_menu` VALUES ('3253', '5', '38');
INSERT INTO `tg_privilege_role_menu` VALUES ('3254', '5', '39');
INSERT INTO `tg_privilege_role_menu` VALUES ('3255', '5', '40');
INSERT INTO `tg_privilege_role_menu` VALUES ('3256', '5', '41');
INSERT INTO `tg_privilege_role_menu` VALUES ('3257', '5', '42');
INSERT INTO `tg_privilege_role_menu` VALUES ('3258', '5', '43');
INSERT INTO `tg_privilege_role_menu` VALUES ('3259', '5', '44');
INSERT INTO `tg_privilege_role_menu` VALUES ('3260', '5', '45');
INSERT INTO `tg_privilege_role_menu` VALUES ('3261', '5', '46');
INSERT INTO `tg_privilege_role_menu` VALUES ('3262', '5', '47');
INSERT INTO `tg_privilege_role_menu` VALUES ('3263', '5', '48');
INSERT INTO `tg_privilege_role_menu` VALUES ('3264', '5', '49');
INSERT INTO `tg_privilege_role_menu` VALUES ('3265', '5', '50');
INSERT INTO `tg_privilege_role_menu` VALUES ('3266', '5', '51');
INSERT INTO `tg_privilege_role_menu` VALUES ('3267', '5', '52');
INSERT INTO `tg_privilege_role_menu` VALUES ('3268', '5', '53');
INSERT INTO `tg_privilege_role_menu` VALUES ('3269', '5', '54');
INSERT INTO `tg_privilege_role_menu` VALUES ('3270', '5', '55');
INSERT INTO `tg_privilege_role_menu` VALUES ('3271', '5', '56');
INSERT INTO `tg_privilege_role_menu` VALUES ('3272', '5', '57');
INSERT INTO `tg_privilege_role_menu` VALUES ('3273', '5', '58');
INSERT INTO `tg_privilege_role_menu` VALUES ('3274', '5', '59');
INSERT INTO `tg_privilege_role_menu` VALUES ('3275', '5', '60');
INSERT INTO `tg_privilege_role_menu` VALUES ('3276', '5', '61');
INSERT INTO `tg_privilege_role_menu` VALUES ('3277', '5', '62');
INSERT INTO `tg_privilege_role_menu` VALUES ('3278', '5', '63');
INSERT INTO `tg_privilege_role_menu` VALUES ('3279', '5', '64');
INSERT INTO `tg_privilege_role_menu` VALUES ('3280', '5', '65');
INSERT INTO `tg_privilege_role_menu` VALUES ('3281', '5', '266');
INSERT INTO `tg_privilege_role_menu` VALUES ('3282', '5', '66');
INSERT INTO `tg_privilege_role_menu` VALUES ('3283', '5', '67');
INSERT INTO `tg_privilege_role_menu` VALUES ('3284', '5', '267');
INSERT INTO `tg_privilege_role_menu` VALUES ('3285', '5', '268');
INSERT INTO `tg_privilege_role_menu` VALUES ('3286', '5', '68');
INSERT INTO `tg_privilege_role_menu` VALUES ('3287', '5', '69');
INSERT INTO `tg_privilege_role_menu` VALUES ('3288', '5', '70');
INSERT INTO `tg_privilege_role_menu` VALUES ('3289', '5', '215');
INSERT INTO `tg_privilege_role_menu` VALUES ('3290', '5', '71');
INSERT INTO `tg_privilege_role_menu` VALUES ('3291', '5', '72');
INSERT INTO `tg_privilege_role_menu` VALUES ('3292', '5', '73');
INSERT INTO `tg_privilege_role_menu` VALUES ('3293', '5', '74');
INSERT INTO `tg_privilege_role_menu` VALUES ('3294', '5', '75');
INSERT INTO `tg_privilege_role_menu` VALUES ('3295', '5', '76');
INSERT INTO `tg_privilege_role_menu` VALUES ('3296', '5', '79');
INSERT INTO `tg_privilege_role_menu` VALUES ('3297', '5', '80');
INSERT INTO `tg_privilege_role_menu` VALUES ('3298', '5', '134');
INSERT INTO `tg_privilege_role_menu` VALUES ('3299', '5', '216');
INSERT INTO `tg_privilege_role_menu` VALUES ('3300', '5', '234');
INSERT INTO `tg_privilege_role_menu` VALUES ('3301', '5', '260');
INSERT INTO `tg_privilege_role_menu` VALUES ('3302', '5', '81');
INSERT INTO `tg_privilege_role_menu` VALUES ('3303', '5', '82');
INSERT INTO `tg_privilege_role_menu` VALUES ('3304', '5', '83');
INSERT INTO `tg_privilege_role_menu` VALUES ('3305', '5', '84');
INSERT INTO `tg_privilege_role_menu` VALUES ('3306', '5', '85');
INSERT INTO `tg_privilege_role_menu` VALUES ('3307', '5', '86');
INSERT INTO `tg_privilege_role_menu` VALUES ('3308', '5', '138');
INSERT INTO `tg_privilege_role_menu` VALUES ('3309', '5', '139');
INSERT INTO `tg_privilege_role_menu` VALUES ('3310', '5', '159');
INSERT INTO `tg_privilege_role_menu` VALUES ('3311', '5', '174');
INSERT INTO `tg_privilege_role_menu` VALUES ('3312', '5', '178');
INSERT INTO `tg_privilege_role_menu` VALUES ('3313', '5', '179');
INSERT INTO `tg_privilege_role_menu` VALUES ('3314', '5', '180');
INSERT INTO `tg_privilege_role_menu` VALUES ('3315', '5', '244');
INSERT INTO `tg_privilege_role_menu` VALUES ('3316', '5', '261');
INSERT INTO `tg_privilege_role_menu` VALUES ('3317', '5', '105');
INSERT INTO `tg_privilege_role_menu` VALUES ('3318', '5', '106');
INSERT INTO `tg_privilege_role_menu` VALUES ('3319', '5', '107');
INSERT INTO `tg_privilege_role_menu` VALUES ('3320', '5', '109');
INSERT INTO `tg_privilege_role_menu` VALUES ('3321', '5', '113');
INSERT INTO `tg_privilege_role_menu` VALUES ('3322', '5', '114');
INSERT INTO `tg_privilege_role_menu` VALUES ('3323', '5', '133');
INSERT INTO `tg_privilege_role_menu` VALUES ('3324', '5', '137');
INSERT INTO `tg_privilege_role_menu` VALUES ('3325', '5', '227');
INSERT INTO `tg_privilege_role_menu` VALUES ('3326', '5', '232');
INSERT INTO `tg_privilege_role_menu` VALUES ('3327', '5', '235');
INSERT INTO `tg_privilege_role_menu` VALUES ('3328', '5', '259');
INSERT INTO `tg_privilege_role_menu` VALUES ('3329', '5', '262');
INSERT INTO `tg_privilege_role_menu` VALUES ('3330', '5', '263');
INSERT INTO `tg_privilege_role_menu` VALUES ('3331', '5', '264');
INSERT INTO `tg_privilege_role_menu` VALUES ('3332', '5', '265');
INSERT INTO `tg_privilege_role_menu` VALUES ('3333', '5', '142');
INSERT INTO `tg_privilege_role_menu` VALUES ('3334', '5', '144');
INSERT INTO `tg_privilege_role_menu` VALUES ('3335', '5', '145');
INSERT INTO `tg_privilege_role_menu` VALUES ('3336', '5', '146');
INSERT INTO `tg_privilege_role_menu` VALUES ('3337', '5', '168');
INSERT INTO `tg_privilege_role_menu` VALUES ('3338', '5', '169');
INSERT INTO `tg_privilege_role_menu` VALUES ('3339', '5', '170');
INSERT INTO `tg_privilege_role_menu` VALUES ('3340', '5', '171');
INSERT INTO `tg_privilege_role_menu` VALUES ('3341', '5', '210');
INSERT INTO `tg_privilege_role_menu` VALUES ('3342', '5', '176');
INSERT INTO `tg_privilege_role_menu` VALUES ('3343', '5', '177');
INSERT INTO `tg_privilege_role_menu` VALUES ('3344', '5', '222');
INSERT INTO `tg_privilege_role_menu` VALUES ('3345', '5', '223');
INSERT INTO `tg_privilege_role_menu` VALUES ('3346', '5', '224');
INSERT INTO `tg_privilege_role_menu` VALUES ('3347', '5', '228');
INSERT INTO `tg_privilege_role_menu` VALUES ('3348', '5', '229');
INSERT INTO `tg_privilege_role_menu` VALUES ('3349', '5', '230');
INSERT INTO `tg_privilege_role_menu` VALUES ('3350', '5', '247');
INSERT INTO `tg_privilege_role_menu` VALUES ('3351', '5', '248');
INSERT INTO `tg_privilege_role_menu` VALUES ('3352', '5', '249');
INSERT INTO `tg_privilege_role_menu` VALUES ('3353', '5', '250');
INSERT INTO `tg_privilege_role_menu` VALUES ('3354', '5', '251');
INSERT INTO `tg_privilege_role_menu` VALUES ('3355', '5', '252');
INSERT INTO `tg_privilege_role_menu` VALUES ('3356', '5', '253');
INSERT INTO `tg_privilege_role_menu` VALUES ('3357', '5', '254');
INSERT INTO `tg_privilege_role_menu` VALUES ('3358', '5', '255');
INSERT INTO `tg_privilege_role_menu` VALUES ('3359', '5', '256');
INSERT INTO `tg_privilege_role_menu` VALUES ('3360', '5', '257');
INSERT INTO `tg_privilege_role_menu` VALUES ('3361', '5', '258');
INSERT INTO `tg_privilege_role_menu` VALUES ('3362', '5', '269');
INSERT INTO `tg_privilege_role_menu` VALUES ('3363', '5', '271');
INSERT INTO `tg_privilege_role_menu` VALUES ('3364', '5', '272');
INSERT INTO `tg_privilege_role_menu` VALUES ('3365', '5', '273');
INSERT INTO `tg_privilege_role_menu` VALUES ('3366', '5', '270');
INSERT INTO `tg_privilege_role_menu` VALUES ('3367', '5', '274');
INSERT INTO `tg_privilege_role_menu` VALUES ('3368', '5', '275');
INSERT INTO `tg_privilege_role_menu` VALUES ('3369', '5', '276');
INSERT INTO `tg_privilege_role_menu` VALUES ('3370', '5', '87');
INSERT INTO `tg_privilege_role_menu` VALUES ('3371', '5', '91');
INSERT INTO `tg_privilege_role_menu` VALUES ('3372', '5', '92');
INSERT INTO `tg_privilege_role_menu` VALUES ('3373', '5', '93');
INSERT INTO `tg_privilege_role_menu` VALUES ('3374', '5', '94');
INSERT INTO `tg_privilege_role_menu` VALUES ('3375', '5', '95');
INSERT INTO `tg_privilege_role_menu` VALUES ('3376', '5', '96');
INSERT INTO `tg_privilege_role_menu` VALUES ('3377', '5', '97');
INSERT INTO `tg_privilege_role_menu` VALUES ('3378', '5', '98');
INSERT INTO `tg_privilege_role_menu` VALUES ('3379', '5', '115');
INSERT INTO `tg_privilege_role_menu` VALUES ('3380', '5', '116');
INSERT INTO `tg_privilege_role_menu` VALUES ('3381', '5', '117');
INSERT INTO `tg_privilege_role_menu` VALUES ('3382', '5', '118');
INSERT INTO `tg_privilege_role_menu` VALUES ('3383', '5', '141');
INSERT INTO `tg_privilege_role_menu` VALUES ('3384', '5', '119');
INSERT INTO `tg_privilege_role_menu` VALUES ('3385', '5', '121');
INSERT INTO `tg_privilege_role_menu` VALUES ('3386', '5', '122');
INSERT INTO `tg_privilege_role_menu` VALUES ('3387', '5', '120');
INSERT INTO `tg_privilege_role_menu` VALUES ('3388', '5', '124');
INSERT INTO `tg_privilege_role_menu` VALUES ('3389', '5', '128');
INSERT INTO `tg_privilege_role_menu` VALUES ('3390', '5', '129');
INSERT INTO `tg_privilege_role_menu` VALUES ('3391', '5', '123');
INSERT INTO `tg_privilege_role_menu` VALUES ('3392', '5', '125');
INSERT INTO `tg_privilege_role_menu` VALUES ('3393', '5', '126');
INSERT INTO `tg_privilege_role_menu` VALUES ('3394', '5', '127');
INSERT INTO `tg_privilege_role_menu` VALUES ('3395', '5', '143');
INSERT INTO `tg_privilege_role_menu` VALUES ('3396', '5', '136');
INSERT INTO `tg_privilege_role_menu` VALUES ('3397', '5', '156');
INSERT INTO `tg_privilege_role_menu` VALUES ('3398', '5', '157');
INSERT INTO `tg_privilege_role_menu` VALUES ('3399', '5', '158');
INSERT INTO `tg_privilege_role_menu` VALUES ('3400', '9', '1');
INSERT INTO `tg_privilege_role_menu` VALUES ('3401', '9', '2');
INSERT INTO `tg_privilege_role_menu` VALUES ('3402', '9', '3');
INSERT INTO `tg_privilege_role_menu` VALUES ('3403', '9', '240');
INSERT INTO `tg_privilege_role_menu` VALUES ('3404', '9', '241');
INSERT INTO `tg_privilege_role_menu` VALUES ('3405', '9', '242');
INSERT INTO `tg_privilege_role_menu` VALUES ('3406', '9', '243');
INSERT INTO `tg_privilege_role_menu` VALUES ('3407', '9', '4');
INSERT INTO `tg_privilege_role_menu` VALUES ('3408', '9', '12');
INSERT INTO `tg_privilege_role_menu` VALUES ('3409', '9', '14');
INSERT INTO `tg_privilege_role_menu` VALUES ('3410', '9', '15');
INSERT INTO `tg_privilege_role_menu` VALUES ('3411', '9', '135');
INSERT INTO `tg_privilege_role_menu` VALUES ('3412', '9', '100');
INSERT INTO `tg_privilege_role_menu` VALUES ('3413', '9', '101');
INSERT INTO `tg_privilege_role_menu` VALUES ('3414', '9', '102');
INSERT INTO `tg_privilege_role_menu` VALUES ('3415', '9', '103');
INSERT INTO `tg_privilege_role_menu` VALUES ('3416', '9', '181');
INSERT INTO `tg_privilege_role_menu` VALUES ('3417', '9', '226');
INSERT INTO `tg_privilege_role_menu` VALUES ('3418', '9', '233');
INSERT INTO `tg_privilege_role_menu` VALUES ('3419', '9', '45');
INSERT INTO `tg_privilege_role_menu` VALUES ('3420', '9', '68');
INSERT INTO `tg_privilege_role_menu` VALUES ('3421', '9', '69');
INSERT INTO `tg_privilege_role_menu` VALUES ('3422', '9', '71');
INSERT INTO `tg_privilege_role_menu` VALUES ('3423', '9', '72');
INSERT INTO `tg_privilege_role_menu` VALUES ('3424', '9', '73');
INSERT INTO `tg_privilege_role_menu` VALUES ('3425', '9', '74');
INSERT INTO `tg_privilege_role_menu` VALUES ('3426', '9', '75');
INSERT INTO `tg_privilege_role_menu` VALUES ('3427', '9', '76');
INSERT INTO `tg_privilege_role_menu` VALUES ('3428', '9', '79');
INSERT INTO `tg_privilege_role_menu` VALUES ('3429', '9', '80');
INSERT INTO `tg_privilege_role_menu` VALUES ('3430', '9', '134');
INSERT INTO `tg_privilege_role_menu` VALUES ('3431', '9', '216');
INSERT INTO `tg_privilege_role_menu` VALUES ('3432', '9', '234');
INSERT INTO `tg_privilege_role_menu` VALUES ('3433', '9', '260');
INSERT INTO `tg_privilege_role_menu` VALUES ('3434', '9', '81');
INSERT INTO `tg_privilege_role_menu` VALUES ('3435', '9', '86');
INSERT INTO `tg_privilege_role_menu` VALUES ('3436', '9', '180');
INSERT INTO `tg_privilege_role_menu` VALUES ('3437', '9', '244');
INSERT INTO `tg_privilege_role_menu` VALUES ('3438', '9', '105');
INSERT INTO `tg_privilege_role_menu` VALUES ('3439', '9', '107');
INSERT INTO `tg_privilege_role_menu` VALUES ('3440', '9', '109');
INSERT INTO `tg_privilege_role_menu` VALUES ('3441', '9', '113');
INSERT INTO `tg_privilege_role_menu` VALUES ('3442', '9', '114');
INSERT INTO `tg_privilege_role_menu` VALUES ('3443', '9', '133');
INSERT INTO `tg_privilege_role_menu` VALUES ('3444', '9', '137');
INSERT INTO `tg_privilege_role_menu` VALUES ('3445', '9', '227');
INSERT INTO `tg_privilege_role_menu` VALUES ('3446', '9', '232');
INSERT INTO `tg_privilege_role_menu` VALUES ('3447', '9', '235');
INSERT INTO `tg_privilege_role_menu` VALUES ('3448', '9', '262');
INSERT INTO `tg_privilege_role_menu` VALUES ('3449', '9', '264');
INSERT INTO `tg_privilege_role_menu` VALUES ('3450', '9', '142');
INSERT INTO `tg_privilege_role_menu` VALUES ('3451', '9', '146');
INSERT INTO `tg_privilege_role_menu` VALUES ('3452', '9', '169');
INSERT INTO `tg_privilege_role_menu` VALUES ('3453', '9', '247');
INSERT INTO `tg_privilege_role_menu` VALUES ('3454', '9', '248');
INSERT INTO `tg_privilege_role_menu` VALUES ('3455', '9', '249');
INSERT INTO `tg_privilege_role_menu` VALUES ('3456', '9', '250');
INSERT INTO `tg_privilege_role_menu` VALUES ('3457', '9', '251');
INSERT INTO `tg_privilege_role_menu` VALUES ('3458', '9', '252');
INSERT INTO `tg_privilege_role_menu` VALUES ('3459', '9', '253');
INSERT INTO `tg_privilege_role_menu` VALUES ('3460', '9', '254');
INSERT INTO `tg_privilege_role_menu` VALUES ('3461', '9', '255');
INSERT INTO `tg_privilege_role_menu` VALUES ('3462', '9', '256');
INSERT INTO `tg_privilege_role_menu` VALUES ('3463', '9', '257');
INSERT INTO `tg_privilege_role_menu` VALUES ('3464', '9', '258');
INSERT INTO `tg_privilege_role_menu` VALUES ('3465', '9', '270');
INSERT INTO `tg_privilege_role_menu` VALUES ('3466', '9', '275');
INSERT INTO `tg_privilege_role_menu` VALUES ('3467', '18', '1');
INSERT INTO `tg_privilege_role_menu` VALUES ('3468', '18', '2');
INSERT INTO `tg_privilege_role_menu` VALUES ('3469', '18', '3');
INSERT INTO `tg_privilege_role_menu` VALUES ('3470', '18', '4');
INSERT INTO `tg_privilege_role_menu` VALUES ('3471', '18', '12');
INSERT INTO `tg_privilege_role_menu` VALUES ('3472', '18', '14');
INSERT INTO `tg_privilege_role_menu` VALUES ('3473', '18', '45');
INSERT INTO `tg_privilege_role_menu` VALUES ('3474', '18', '81');
INSERT INTO `tg_privilege_role_menu` VALUES ('3475', '18', '82');
INSERT INTO `tg_privilege_role_menu` VALUES ('3476', '18', '83');
INSERT INTO `tg_privilege_role_menu` VALUES ('3477', '18', '84');
INSERT INTO `tg_privilege_role_menu` VALUES ('3478', '18', '85');
INSERT INTO `tg_privilege_role_menu` VALUES ('3479', '18', '86');
INSERT INTO `tg_privilege_role_menu` VALUES ('3480', '18', '138');
INSERT INTO `tg_privilege_role_menu` VALUES ('3481', '18', '139');
INSERT INTO `tg_privilege_role_menu` VALUES ('3482', '18', '159');
INSERT INTO `tg_privilege_role_menu` VALUES ('3483', '18', '174');
INSERT INTO `tg_privilege_role_menu` VALUES ('3484', '18', '178');
INSERT INTO `tg_privilege_role_menu` VALUES ('3485', '18', '179');
INSERT INTO `tg_privilege_role_menu` VALUES ('3486', '18', '180');
INSERT INTO `tg_privilege_role_menu` VALUES ('3487', '18', '244');
INSERT INTO `tg_privilege_role_menu` VALUES ('3488', '18', '261');
INSERT INTO `tg_privilege_role_menu` VALUES ('3489', '18', '105');
INSERT INTO `tg_privilege_role_menu` VALUES ('3490', '18', '106');
INSERT INTO `tg_privilege_role_menu` VALUES ('3491', '18', '107');
INSERT INTO `tg_privilege_role_menu` VALUES ('3492', '18', '277');
INSERT INTO `tg_privilege_role_menu` VALUES ('3493', '18', '142');
INSERT INTO `tg_privilege_role_menu` VALUES ('3494', '18', '168');
INSERT INTO `tg_privilege_role_menu` VALUES ('3495', '18', '210');
INSERT INTO `tg_privilege_role_menu` VALUES ('3496', '18', '247');
INSERT INTO `tg_privilege_role_menu` VALUES ('3497', '18', '248');
INSERT INTO `tg_privilege_role_menu` VALUES ('3498', '18', '249');
INSERT INTO `tg_privilege_role_menu` VALUES ('3499', '18', '250');
INSERT INTO `tg_privilege_role_menu` VALUES ('3500', '18', '251');
INSERT INTO `tg_privilege_role_menu` VALUES ('3501', '18', '252');
INSERT INTO `tg_privilege_role_menu` VALUES ('3502', '18', '255');
INSERT INTO `tg_privilege_role_menu` VALUES ('3503', '18', '256');
INSERT INTO `tg_privilege_role_menu` VALUES ('3504', '18', '257');
INSERT INTO `tg_privilege_role_menu` VALUES ('3505', '18', '269');
INSERT INTO `tg_privilege_role_menu` VALUES ('3506', '18', '273');

-- ----------------------------
-- Table structure for `tg_privilege_user`
-- ----------------------------
DROP TABLE IF EXISTS `tg_privilege_user`;
CREATE TABLE `tg_privilege_user` (
  `id` int(11) NOT NULL AUTO_INCREMENT,
  `username` varchar(255) NOT NULL,
  `password` varchar(255) NOT NULL,
  `status` tinyint(4) NOT NULL,
  PRIMARY KEY (`id`)
) ENGINE=InnoDB AUTO_INCREMENT=417 DEFAULT CHARSET=utf8;

-- ----------------------------
-- Records of tg_privilege_user
-- ----------------------------
INSERT INTO `tg_privilege_user` VALUES ('1', 'admin', '96e79218965eb72c92a549dd5a330112', '1');
INSERT INTO `tg_privilege_user` VALUES ('2', '王斌', '96e79218965eb72c92a549dd5a330112', '1');
INSERT INTO `tg_privilege_user` VALUES ('3', '史鹏', '96e79218965eb72c92a549dd5a330112', '1');
INSERT INTO `tg_privilege_user` VALUES ('4', '兰小倩', '96e79218965eb72c92a549dd5a330112', '1');
INSERT INTO `tg_privilege_user` VALUES ('5', '池磊', '96e79218965eb72c92a549dd5a330112', '1');
INSERT INTO `tg_privilege_user` VALUES ('6', '常心', '96e79218965eb72c92a549dd5a330112', '1');
INSERT INTO `tg_privilege_user` VALUES ('7', '纪冉', '96e79218965eb72c92a549dd5a330112', '1');
INSERT INTO `tg_privilege_user` VALUES ('8', '赵士琛', 'c9ce6ab7254391aa966a0515ca0e9d9d', '1');
INSERT INTO `tg_privilege_user` VALUES ('9', '张丽丽', 'a2552a66216044ff25039015b0949800', '1');
INSERT INTO `tg_privilege_user` VALUES ('10', '司健敏', '96e79218965eb72c92a549dd5a330112', '1');
INSERT INTO `tg_privilege_user` VALUES ('11', '王琳', '75e266f182b4fa3625d4a4f4f779af54', '1');
INSERT INTO `tg_privilege_user` VALUES ('12', '范光磊', 'df11711e5226c60d67550fe5c39f6a6d', '1');
INSERT INTO `tg_privilege_user` VALUES ('13', '杜伟', 'd41d8cd98f00b204e9800998ecf8427e', '0');
INSERT INTO `tg_privilege_user` VALUES ('14', '王宏伟', '96e79218965eb72c92a549dd5a330112', '1');
INSERT INTO `tg_privilege_user` VALUES ('15', '宋熙元', '96e79218965eb72c92a549dd5a330112', '1');
INSERT INTO `tg_privilege_user` VALUES ('16', '肖岩冰', '96e79218965eb72c92a549dd5a330112', '1');
INSERT INTO `tg_privilege_user` VALUES ('17', '刘晶', '21218cca77804d2ba1922c33e0151105', '1');
INSERT INTO `tg_privilege_user` VALUES ('18', '高栋芳', '96e79218965eb72c92a549dd5a330112', '1');
INSERT INTO `tg_privilege_user` VALUES ('19', '杨通', '96e79218965eb72c92a549dd5a330112', '1');
INSERT INTO `tg_privilege_user` VALUES ('20', '李小艳', '96e79218965eb72c92a549dd5a330112', '1');
INSERT INTO `tg_privilege_user` VALUES ('21', '姚佳丽', '96e79218965eb72c92a549dd5a330112', '1');
INSERT INTO `tg_privilege_user` VALUES ('22', '杨灵', '96e79218965eb72c92a549dd5a330112', '1');
INSERT INTO `tg_privilege_user` VALUES ('23', '王延安', '96e79218965eb72c92a549dd5a330112', '1');
INSERT INTO `tg_privilege_user` VALUES ('24', '翟雪伟', '96e79218965eb72c92a549dd5a330112', '1');
INSERT INTO `tg_privilege_user` VALUES ('25', '代涛', '96e79218965eb72c92a549dd5a330112', '1');
INSERT INTO `tg_privilege_user` VALUES ('26', '张强', '96e79218965eb72c92a549dd5a330112', '1');
INSERT INTO `tg_privilege_user` VALUES ('27', '张星', '96e79218965eb72c92a549dd5a330112', '1');
INSERT INTO `tg_privilege_user` VALUES ('28', '韩膨洲', '96e79218965eb72c92a549dd5a330112', '1');
INSERT INTO `tg_privilege_user` VALUES ('104', '贺凌浩', '96e79218965eb72c92a549dd5a330112', '1');
INSERT INTO `tg_privilege_user` VALUES ('105', '徐传帅', '96e79218965eb72c92a549dd5a330112', '1');
INSERT INTO `tg_privilege_user` VALUES ('106', '张强', '96e79218965eb72c92a549dd5a330112', '1');
INSERT INTO `tg_privilege_user` VALUES ('107', '吴震乾', '96e79218965eb72c92a549dd5a330112', '1');
INSERT INTO `tg_privilege_user` VALUES ('108', '韩威兵', '96e79218965eb72c92a549dd5a330112', '1');
INSERT INTO `tg_privilege_user` VALUES ('109', '曹帅', '96e79218965eb72c92a549dd5a330112', '1');
INSERT INTO `tg_privilege_user` VALUES ('110', '柳鹏', '96e79218965eb72c92a549dd5a330112', '1');
INSERT INTO `tg_privilege_user` VALUES ('111', '冯景芬', '96e79218965eb72c92a549dd5a330112', '1');
INSERT INTO `tg_privilege_user` VALUES ('112', '温强', '96e79218965eb72c92a549dd5a330112', '1');
INSERT INTO `tg_privilege_user` VALUES ('113', '李海亮', '96e79218965eb72c92a549dd5a330112', '1');
INSERT INTO `tg_privilege_user` VALUES ('114', '张海红', '96e79218965eb72c92a549dd5a330112', '1');
INSERT INTO `tg_privilege_user` VALUES ('115', '赵东旺', '96e79218965eb72c92a549dd5a330112', '1');
INSERT INTO `tg_privilege_user` VALUES ('116', '孙春喜', '96e79218965eb72c92a549dd5a330112', '1');
INSERT INTO `tg_privilege_user` VALUES ('117', '郝芳芳', '96e79218965eb72c92a549dd5a330112', '1');
INSERT INTO `tg_privilege_user` VALUES ('118', '王桃林', '96e79218965eb72c92a549dd5a330112', '1');
INSERT INTO `tg_privilege_user` VALUES ('119', '常江', '96e79218965eb72c92a549dd5a330112', '1');
INSERT INTO `tg_privilege_user` VALUES ('120', '刘永晨', '96e79218965eb72c92a549dd5a330112', '1');
INSERT INTO `tg_privilege_user` VALUES ('121', '朱岱', '96e79218965eb72c92a549dd5a330112', '1');
INSERT INTO `tg_privilege_user` VALUES ('122', '张强', '96e79218965eb72c92a549dd5a330112', '1');
INSERT INTO `tg_privilege_user` VALUES ('123', '闫旭峰', '96e79218965eb72c92a549dd5a330112', '1');
INSERT INTO `tg_privilege_user` VALUES ('124', '李彬彬', '96e79218965eb72c92a549dd5a330112', '1');
INSERT INTO `tg_privilege_user` VALUES ('125', '成宏', '96e79218965eb72c92a549dd5a330112', '1');
INSERT INTO `tg_privilege_user` VALUES ('126', '赵东旺', '96e79218965eb72c92a549dd5a330112', '1');
INSERT INTO `tg_privilege_user` VALUES ('127', '孙春喜', '96e79218965eb72c92a549dd5a330112', '1');
INSERT INTO `tg_privilege_user` VALUES ('128', '王桃林', '96e79218965eb72c92a549dd5a330112', '1');
INSERT INTO `tg_privilege_user` VALUES ('129', '夏柱良', '96e79218965eb72c92a549dd5a330112', '1');
INSERT INTO `tg_privilege_user` VALUES ('130', '芦鹏程', '96e79218965eb72c92a549dd5a330112', '1');
INSERT INTO `tg_privilege_user` VALUES ('131', '白杰', '96e79218965eb72c92a549dd5a330112', '1');
INSERT INTO `tg_privilege_user` VALUES ('132', '王凤丽', '96e79218965eb72c92a549dd5a330112', '1');
INSERT INTO `tg_privilege_user` VALUES ('133', '乔翠平', '96e79218965eb72c92a549dd5a330112', '1');
INSERT INTO `tg_privilege_user` VALUES ('134', '郭丽琴', '96e79218965eb72c92a549dd5a330112', '1');
INSERT INTO `tg_privilege_user` VALUES ('135', '张文鑫', '96e79218965eb72c92a549dd5a330112', '1');
INSERT INTO `tg_privilege_user` VALUES ('136', '张茜', '96e79218965eb72c92a549dd5a330112', '1');
INSERT INTO `tg_privilege_user` VALUES ('137', '史智会', '96e79218965eb72c92a549dd5a330112', '1');
INSERT INTO `tg_privilege_user` VALUES ('138', '叶文玲', '96e79218965eb72c92a549dd5a330112', '1');
INSERT INTO `tg_privilege_user` VALUES ('139', '刘思变', '96e79218965eb72c92a549dd5a330112', '1');
INSERT INTO `tg_privilege_user` VALUES ('140', '乔艳荣', '96e79218965eb72c92a549dd5a330112', '1');
INSERT INTO `tg_privilege_user` VALUES ('141', '芦鹏程', '96e79218965eb72c92a549dd5a330112', '1');
INSERT INTO `tg_privilege_user` VALUES ('142', '郝芳芳', '96e79218965eb72c92a549dd5a330112', '1');
INSERT INTO `tg_privilege_user` VALUES ('143', '李艳茹', '96e79218965eb72c92a549dd5a330112', '1');
INSERT INTO `tg_privilege_user` VALUES ('144', '杨艳', '96e79218965eb72c92a549dd5a330112', '1');
INSERT INTO `tg_privilege_user` VALUES ('145', '张鹏宇', '96e79218965eb72c92a549dd5a330112', '1');
INSERT INTO `tg_privilege_user` VALUES ('146', '白杰', '96e79218965eb72c92a549dd5a330112', '1');
INSERT INTO `tg_privilege_user` VALUES ('147', '王凤丽', '96e79218965eb72c92a549dd5a330112', '1');
INSERT INTO `tg_privilege_user` VALUES ('148', '乔翠平', '96e79218965eb72c92a549dd5a330112', '1');
INSERT INTO `tg_privilege_user` VALUES ('149', '郭丽琴', '96e79218965eb72c92a549dd5a330112', '1');
INSERT INTO `tg_privilege_user` VALUES ('150', '张文鑫', '96e79218965eb72c92a549dd5a330112', '1');
INSERT INTO `tg_privilege_user` VALUES ('151', '张茜', '96e79218965eb72c92a549dd5a330112', '1');
INSERT INTO `tg_privilege_user` VALUES ('152', '史智会', '96e79218965eb72c92a549dd5a330112', '1');
INSERT INTO `tg_privilege_user` VALUES ('153', '叶文玲', '96e79218965eb72c92a549dd5a330112', '1');
INSERT INTO `tg_privilege_user` VALUES ('154', '刘思变', '96e79218965eb72c92a549dd5a330112', '1');
INSERT INTO `tg_privilege_user` VALUES ('155', '雷霏', '96e79218965eb72c92a549dd5a330112', '1');
INSERT INTO `tg_privilege_user` VALUES ('156', '齐锦锦', '96e79218965eb72c92a549dd5a330112', '1');
INSERT INTO `tg_privilege_user` VALUES ('157', '药永刚', '96e79218965eb72c92a549dd5a330112', '1');
INSERT INTO `tg_privilege_user` VALUES ('158', '王晓', '96e79218965eb72c92a549dd5a330112', '1');
INSERT INTO `tg_privilege_user` VALUES ('159', '丁帅', '96e79218965eb72c92a549dd5a330112', '1');
INSERT INTO `tg_privilege_user` VALUES ('160', '秦汉', '96e79218965eb72c92a549dd5a330112', '1');
INSERT INTO `tg_privilege_user` VALUES ('161', '车红艳', '96e79218965eb72c92a549dd5a330112', '1');
INSERT INTO `tg_privilege_user` VALUES ('162', '张达凯', '96e79218965eb72c92a549dd5a330112', '1');
INSERT INTO `tg_privilege_user` VALUES ('163', '谢佩宾', '96e79218965eb72c92a549dd5a330112', '1');
INSERT INTO `tg_privilege_user` VALUES ('164', '张建东', '96e79218965eb72c92a549dd5a330112', '1');
INSERT INTO `tg_privilege_user` VALUES ('165', '高成秀', '96e79218965eb72c92a549dd5a330112', '1');
INSERT INTO `tg_privilege_user` VALUES ('166', '赵凯', '96e79218965eb72c92a549dd5a330112', '1');
INSERT INTO `tg_privilege_user` VALUES ('167', '裴博', '96e79218965eb72c92a549dd5a330112', '1');
INSERT INTO `tg_privilege_user` VALUES ('168', '李世琦', '96e79218965eb72c92a549dd5a330112', '1');
INSERT INTO `tg_privilege_user` VALUES ('169', '齐文娟', '96e79218965eb72c92a549dd5a330112', '1');
INSERT INTO `tg_privilege_user` VALUES ('170', '李强', '96e79218965eb72c92a549dd5a330112', '1');
INSERT INTO `tg_privilege_user` VALUES ('171', '申泽鲲', '96e79218965eb72c92a549dd5a330112', '1');
INSERT INTO `tg_privilege_user` VALUES ('172', '何欧阳', '96e79218965eb72c92a549dd5a330112', '1');
INSERT INTO `tg_privilege_user` VALUES ('173', '陈沁远', '96e79218965eb72c92a549dd5a330112', '1');
INSERT INTO `tg_privilege_user` VALUES ('174', '庞达', '96e79218965eb72c92a549dd5a330112', '1');
INSERT INTO `tg_privilege_user` VALUES ('175', '王峰', '96e79218965eb72c92a549dd5a330112', '1');
INSERT INTO `tg_privilege_user` VALUES ('177', '李园', '96e79218965eb72c92a549dd5a330112', '1');
INSERT INTO `tg_privilege_user` VALUES ('178', '薛磊磊', '96e79218965eb72c92a549dd5a330112', '1');
INSERT INTO `tg_privilege_user` VALUES ('179', '王小刚', '96e79218965eb72c92a549dd5a330112', '1');
INSERT INTO `tg_privilege_user` VALUES ('180', '樊瑶瑶', '96e79218965eb72c92a549dd5a330112', '1');
INSERT INTO `tg_privilege_user` VALUES ('181', '张喆', '96e79218965eb72c92a549dd5a330112', '1');
INSERT INTO `tg_privilege_user` VALUES ('182', '杨凯', '96e79218965eb72c92a549dd5a330112', '1');
INSERT INTO `tg_privilege_user` VALUES ('183', '任勇', '96e79218965eb72c92a549dd5a330112', '1');
INSERT INTO `tg_privilege_user` VALUES ('184', '王胤杰', '96e79218965eb72c92a549dd5a330112', '1');
INSERT INTO `tg_privilege_user` VALUES ('185', '樊晋阳', '96e79218965eb72c92a549dd5a330112', '1');
INSERT INTO `tg_privilege_user` VALUES ('186', '李泽杰', '96e79218965eb72c92a549dd5a330112', '1');
INSERT INTO `tg_privilege_user` VALUES ('187', '石磊', '96e79218965eb72c92a549dd5a330112', '1');
INSERT INTO `tg_privilege_user` VALUES ('188', '王凡', '96e79218965eb72c92a549dd5a330112', '1');
INSERT INTO `tg_privilege_user` VALUES ('189', '黄普龙', '96e79218965eb72c92a549dd5a330112', '1');
INSERT INTO `tg_privilege_user` VALUES ('190', '苏彬', '96e79218965eb72c92a549dd5a330112', '1');
INSERT INTO `tg_privilege_user` VALUES ('192', '程磊磊', '96e79218965eb72c92a549dd5a330112', '1');
INSERT INTO `tg_privilege_user` VALUES ('193', '李曦', '96e79218965eb72c92a549dd5a330112', '1');
INSERT INTO `tg_privilege_user` VALUES ('194', '张凯宇', '96e79218965eb72c92a549dd5a330112', '1');
INSERT INTO `tg_privilege_user` VALUES ('195', '樊俊可', '96e79218965eb72c92a549dd5a330112', '1');
INSERT INTO `tg_privilege_user` VALUES ('196', '耿生年', '96e79218965eb72c92a549dd5a330112', '1');
INSERT INTO `tg_privilege_user` VALUES ('197', '田立龙', '96e79218965eb72c92a549dd5a330112', '1');
INSERT INTO `tg_privilege_user` VALUES ('198', '何志刚', '96e79218965eb72c92a549dd5a330112', '1');
INSERT INTO `tg_privilege_user` VALUES ('199', '姚亚楠', '96e79218965eb72c92a549dd5a330112', '1');
INSERT INTO `tg_privilege_user` VALUES ('200', '高一帆', '96e79218965eb72c92a549dd5a330112', '1');
INSERT INTO `tg_privilege_user` VALUES ('201', '施超', '96e79218965eb72c92a549dd5a330112', '1');
INSERT INTO `tg_privilege_user` VALUES ('202', '马帅', '96e79218965eb72c92a549dd5a330112', '1');
INSERT INTO `tg_privilege_user` VALUES ('203', '李露', '96e79218965eb72c92a549dd5a330112', '1');
INSERT INTO `tg_privilege_user` VALUES ('204', '范旗', '96e79218965eb72c92a549dd5a330112', '1');
INSERT INTO `tg_privilege_user` VALUES ('205', '周笑', '96e79218965eb72c92a549dd5a330112', '1');
INSERT INTO `tg_privilege_user` VALUES ('206', '马艳妮', '96e79218965eb72c92a549dd5a330112', '1');
INSERT INTO `tg_privilege_user` VALUES ('207', '南晓征', '96e79218965eb72c92a549dd5a330112', '1');
INSERT INTO `tg_privilege_user` VALUES ('208', '赵洲阳', '96e79218965eb72c92a549dd5a330112', '1');
INSERT INTO `tg_privilege_user` VALUES ('209', '白茭', '96e79218965eb72c92a549dd5a330112', '1');
INSERT INTO `tg_privilege_user` VALUES ('210', '贾程皓', '96e79218965eb72c92a549dd5a330112', '1');
INSERT INTO `tg_privilege_user` VALUES ('211', '马浩鑫', '96e79218965eb72c92a549dd5a330112', '1');
INSERT INTO `tg_privilege_user` VALUES ('212', '赵相', '96e79218965eb72c92a549dd5a330112', '1');
INSERT INTO `tg_privilege_user` VALUES ('213', '樊晶晶', '96e79218965eb72c92a549dd5a330112', '1');
INSERT INTO `tg_privilege_user` VALUES ('214', '郝廷廷', '96e79218965eb72c92a549dd5a330112', '1');
INSERT INTO `tg_privilege_user` VALUES ('215', '李俊杰', '96e79218965eb72c92a549dd5a330112', '1');
INSERT INTO `tg_privilege_user` VALUES ('216', '刘思婷', '96e79218965eb72c92a549dd5a330112', '1');
INSERT INTO `tg_privilege_user` VALUES ('217', '孙永强', '96e79218965eb72c92a549dd5a330112', '1');
INSERT INTO `tg_privilege_user` VALUES ('218', '王丽霞', '96e79218965eb72c92a549dd5a330112', '1');
INSERT INTO `tg_privilege_user` VALUES ('219', '王敏', '96e79218965eb72c92a549dd5a330112', '1');
INSERT INTO `tg_privilege_user` VALUES ('220', '杨慧慧', '96e79218965eb72c92a549dd5a330112', '1');
INSERT INTO `tg_privilege_user` VALUES ('221', '杨学宇', '96e79218965eb72c92a549dd5a330112', '1');
INSERT INTO `tg_privilege_user` VALUES ('222', '张志钰', '96e79218965eb72c92a549dd5a330112', '1');
INSERT INTO `tg_privilege_user` VALUES ('223', '郎亚敏', '96e79218965eb72c92a549dd5a330112', '1');
INSERT INTO `tg_privilege_user` VALUES ('224', '褚锋', '96e79218965eb72c92a549dd5a330112', '1');
INSERT INTO `tg_privilege_user` VALUES ('225', '肖岩冰', '96e79218965eb72c92a549dd5a330112', '1');
INSERT INTO `tg_privilege_user` VALUES ('226', '任凯欣', '96e79218965eb72c92a549dd5a330112', '1');
INSERT INTO `tg_privilege_user` VALUES ('227', '尉文莉', '96e79218965eb72c92a549dd5a330112', '1');
INSERT INTO `tg_privilege_user` VALUES ('228', '史娟娟', '96e79218965eb72c92a549dd5a330112', '1');
INSERT INTO `tg_privilege_user` VALUES ('229', '吴瑞', '96e79218965eb72c92a549dd5a330112', '1');
INSERT INTO `tg_privilege_user` VALUES ('230', '卫刚', '96e79218965eb72c92a549dd5a330112', '1');
INSERT INTO `tg_privilege_user` VALUES ('235', '穆培婷', '96e79218965eb72c92a549dd5a330112', '1');
INSERT INTO `tg_privilege_user` VALUES ('240', '刘晓俊', '96e79218965eb72c92a549dd5a330112', '1');
INSERT INTO `tg_privilege_user` VALUES ('241', '王英睿', 'd41d8cd98f00b204e9800998ecf8427e', '0');
INSERT INTO `tg_privilege_user` VALUES ('242', '张朝', '96e79218965eb72c92a549dd5a330112', '1');
INSERT INTO `tg_privilege_user` VALUES ('244', '杜伟', '96e79218965eb72c92a549dd5a330112', '1');
INSERT INTO `tg_privilege_user` VALUES ('245', '张高升', '96e79218965eb72c92a549dd5a330112', '1');
INSERT INTO `tg_privilege_user` VALUES ('246', '王英睿', '96e79218965eb72c92a549dd5a330112', '1');
INSERT INTO `tg_privilege_user` VALUES ('247', '李超阳', '96e79218965eb72c92a549dd5a330112', '1');
INSERT INTO `tg_privilege_user` VALUES ('248', '梁仁宇', '96e79218965eb72c92a549dd5a330112', '1');
INSERT INTO `tg_privilege_user` VALUES ('249', '韩丽', '96e79218965eb72c92a549dd5a330112', '1');
INSERT INTO `tg_privilege_user` VALUES ('250', '范鸿亮', '96e79218965eb72c92a549dd5a330112', '1');
INSERT INTO `tg_privilege_user` VALUES ('251', '任凯鑫', '96e79218965eb72c92a549dd5a330112', '1');
INSERT INTO `tg_privilege_user` VALUES ('253', '张一山', '96e79218965eb72c92a549dd5a330112', '1');
INSERT INTO `tg_privilege_user` VALUES ('254', 'sdsfd,gfhp[]/.', '96e79218965eb72c92a549dd5a330112', '1');
INSERT INTO `tg_privilege_user` VALUES ('255', 'asdafg', '96e79218965eb72c92a549dd5a330112', '1');
INSERT INTO `tg_privilege_user` VALUES ('256', '是否更换', '96e79218965eb72c92a549dd5a330112', '1');
INSERT INTO `tg_privilege_user` VALUES ('257', '李四', '96e79218965eb72c92a549dd5a330112', '1');
INSERT INTO `tg_privilege_user` VALUES ('258', '打十分感动', '96e79218965eb72c92a549dd5a330112', '1');
INSERT INTO `tg_privilege_user` VALUES ('259', 'AFGHNMH,J.', '96e79218965eb72c92a549dd5a330112', '1');
INSERT INTO `tg_privilege_user` VALUES ('260', '刘亚建', '96e79218965eb72c92a549dd5a330112', '1');
INSERT INTO `tg_privilege_user` VALUES ('261', '陶凡玺', '96e79218965eb72c92a549dd5a330112', '1');
INSERT INTO `tg_privilege_user` VALUES ('262', '林小朋', '96e79218965eb72c92a549dd5a330112', '1');
INSERT INTO `tg_privilege_user` VALUES ('263', '淡璞', '96e79218965eb72c92a549dd5a330112', '1');
INSERT INTO `tg_privilege_user` VALUES ('264', '李瑞德', '96e79218965eb72c92a549dd5a330112', '1');
INSERT INTO `tg_privilege_user` VALUES ('265', '康乐', '96e79218965eb72c92a549dd5a330112', '1');
INSERT INTO `tg_privilege_user` VALUES ('266', '王征', '96e79218965eb72c92a549dd5a330112', '1');
INSERT INTO `tg_privilege_user` VALUES ('267', '袁志强', '96e79218965eb72c92a549dd5a330112', '1');
INSERT INTO `tg_privilege_user` VALUES ('268', '戴俊杰', '5f93f983524def3dca464469d2cf9f3e', '1');
INSERT INTO `tg_privilege_user` VALUES ('269', '张华晖', '96e79218965eb72c92a549dd5a330112', '1');
INSERT INTO `tg_privilege_user` VALUES ('270', '石德志', '96e79218965eb72c92a549dd5a330112', '1');
INSERT INTO `tg_privilege_user` VALUES ('271', '高丽锋', '96e79218965eb72c92a549dd5a330112', '1');
INSERT INTO `tg_privilege_user` VALUES ('272', '刘鸿艳', '202cb962ac59075b964b07152d234b70', '1');
INSERT INTO `tg_privilege_user` VALUES ('273', '吕卓', '202cb962ac59075b964b07152d234b70', '1');
INSERT INTO `tg_privilege_user` VALUES ('274', '王晓岚', '96e79218965eb72c92a549dd5a330112', '1');
INSERT INTO `tg_privilege_user` VALUES ('275', '常新', '698d51a19d8a121ce581499d7b701668', '1');
INSERT INTO `tg_privilege_user` VALUES ('276', '田爱萍', '96e79218965eb72c92a549dd5a330112', '1');
INSERT INTO `tg_privilege_user` VALUES ('277', '陈晨', '96e79218965eb72c92a549dd5a330112', '1');
INSERT INTO `tg_privilege_user` VALUES ('278', '李艳星', '96e79218965eb72c92a549dd5a330112', '1');
INSERT INTO `tg_privilege_user` VALUES ('279', '张敬奎', '96e79218965eb72c92a549dd5a330112', '1');
INSERT INTO `tg_privilege_user` VALUES ('280', '赵辉东', '93279e3308bdbbeed946fc965017f67a', '1');
INSERT INTO `tg_privilege_user` VALUES ('281', '李富铭', '96e79218965eb72c92a549dd5a330112', '1');
INSERT INTO `tg_privilege_user` VALUES ('282', '冯刚', '96e79218965eb72c92a549dd5a330112', '1');
INSERT INTO `tg_privilege_user` VALUES ('283', '杨森', '96e79218965eb72c92a549dd5a330112', '1');
INSERT INTO `tg_privilege_user` VALUES ('284', '文佳', '96e79218965eb72c92a549dd5a330112', '1');
INSERT INTO `tg_privilege_user` VALUES ('285', '宋晓涛', '96e79218965eb72c92a549dd5a330112', '1');
INSERT INTO `tg_privilege_user` VALUES ('286', '吴慧孟', '96e79218965eb72c92a549dd5a330112', '1');
INSERT INTO `tg_privilege_user` VALUES ('293', '梁雅明', '96e79218965eb72c92a549dd5a330112', '1');
INSERT INTO `tg_privilege_user` VALUES ('295', '田楠', '96e79218965eb72c92a549dd5a330112', '1');
INSERT INTO `tg_privilege_user` VALUES ('296', '安民', '96e79218965eb72c92a549dd5a330112', '1');
INSERT INTO `tg_privilege_user` VALUES ('297', '晋瑾', '96e79218965eb72c92a549dd5a330112', '1');
INSERT INTO `tg_privilege_user` VALUES ('298', '阎丽静', '96e79218965eb72c92a549dd5a330112', '1');
INSERT INTO `tg_privilege_user` VALUES ('299', '王妍', '96e79218965eb72c92a549dd5a330112', '1');
INSERT INTO `tg_privilege_user` VALUES ('300', '程晓敏', '96e79218965eb72c92a549dd5a330112', '1');
INSERT INTO `tg_privilege_user` VALUES ('301', '陈亚鹏', '96e79218965eb72c92a549dd5a330112', '1');
INSERT INTO `tg_privilege_user` VALUES ('302', '刘格鹏', '96e79218965eb72c92a549dd5a330112', '1');
INSERT INTO `tg_privilege_user` VALUES ('303', '李萍', '96e79218965eb72c92a549dd5a330112', '1');
INSERT INTO `tg_privilege_user` VALUES ('304', '程国军', '96e79218965eb72c92a549dd5a330112', '1');
INSERT INTO `tg_privilege_user` VALUES ('305', '侯雨晶', '96e79218965eb72c92a549dd5a330112', '1');
INSERT INTO `tg_privilege_user` VALUES ('306', '项东亮', '96e79218965eb72c92a549dd5a330112', '1');
INSERT INTO `tg_privilege_user` VALUES ('307', '张金磊', '96e79218965eb72c92a549dd5a330112', '1');
INSERT INTO `tg_privilege_user` VALUES ('308', '李青宴', '96e79218965eb72c92a549dd5a330112', '1');
INSERT INTO `tg_privilege_user` VALUES ('309', '李娜', '96e79218965eb72c92a549dd5a330112', '1');
INSERT INTO `tg_privilege_user` VALUES ('310', '胡雷停', '96e79218965eb72c92a549dd5a330112', '1');
INSERT INTO `tg_privilege_user` VALUES ('311', '康丽娜', '96e79218965eb72c92a549dd5a330112', '1');
INSERT INTO `tg_privilege_user` VALUES ('312', '毋帅', '96e79218965eb72c92a549dd5a330112', '1');
INSERT INTO `tg_privilege_user` VALUES ('313', '李梦婕', '96e79218965eb72c92a549dd5a330112', '1');
INSERT INTO `tg_privilege_user` VALUES ('314', '李琪', '96e79218965eb72c92a549dd5a330112', '1');
INSERT INTO `tg_privilege_user` VALUES ('315', '成志伟', '96e79218965eb72c92a549dd5a330112', '1');
INSERT INTO `tg_privilege_user` VALUES ('316', '董臻', '96e79218965eb72c92a549dd5a330112', '1');
INSERT INTO `tg_privilege_user` VALUES ('317', '李晓晨', '96e79218965eb72c92a549dd5a330112', '1');
INSERT INTO `tg_privilege_user` VALUES ('318', '布海壮', '96e79218965eb72c92a549dd5a330112', '1');
INSERT INTO `tg_privilege_user` VALUES ('319', '郜萤', '96e79218965eb72c92a549dd5a330112', '1');
INSERT INTO `tg_privilege_user` VALUES ('320', '连建鹏', '96e79218965eb72c92a549dd5a330112', '1');
INSERT INTO `tg_privilege_user` VALUES ('321', '刘飞', '96e79218965eb72c92a549dd5a330112', '1');
INSERT INTO `tg_privilege_user` VALUES ('322', '王晓琴', '96e79218965eb72c92a549dd5a330112', '1');
INSERT INTO `tg_privilege_user` VALUES ('323', '魏源', '96e79218965eb72c92a549dd5a330112', '1');
INSERT INTO `tg_privilege_user` VALUES ('324', '杨晓杰', '96e79218965eb72c92a549dd5a330112', '1');
INSERT INTO `tg_privilege_user` VALUES ('325', '张晓莉', '96e79218965eb72c92a549dd5a330112', '1');
INSERT INTO `tg_privilege_user` VALUES ('326', '曹美美', '96e79218965eb72c92a549dd5a330112', '1');
INSERT INTO `tg_privilege_user` VALUES ('327', '田爱萍', '96e79218965eb72c92a549dd5a330112', '1');
INSERT INTO `tg_privilege_user` VALUES ('328', '刘宇轩', '96e79218965eb72c92a549dd5a330112', '1');
INSERT INTO `tg_privilege_user` VALUES ('329', '李佳君', '96e79218965eb72c92a549dd5a330112', '1');
INSERT INTO `tg_privilege_user` VALUES ('330', '荆舒舒', '96e79218965eb72c92a549dd5a330112', '1');
INSERT INTO `tg_privilege_user` VALUES ('331', '潘晶晶', '96e79218965eb72c92a549dd5a330112', '1');
INSERT INTO `tg_privilege_user` VALUES ('332', '王婷', '96e79218965eb72c92a549dd5a330112', '1');
INSERT INTO `tg_privilege_user` VALUES ('333', '张逢', '96e79218965eb72c92a549dd5a330112', '1');
INSERT INTO `tg_privilege_user` VALUES ('334', '张静怡', '96e79218965eb72c92a549dd5a330112', '1');
INSERT INTO `tg_privilege_user` VALUES ('335', '郭芳芳', '96e79218965eb72c92a549dd5a330112', '1');
INSERT INTO `tg_privilege_user` VALUES ('336', '高宏霞', '96e79218965eb72c92a549dd5a330112', '1');
INSERT INTO `tg_privilege_user` VALUES ('337', '刘耀伟', '96e79218965eb72c92a549dd5a330112', '1');
INSERT INTO `tg_privilege_user` VALUES ('338', '郭文彦', '3b62ec961cc31e4bb5ad27d9239bf9dd', '1');
INSERT INTO `tg_privilege_user` VALUES ('339', '贾卫燕', '96e79218965eb72c92a549dd5a330112', '1');
INSERT INTO `tg_privilege_user` VALUES ('340', '苏三梅', '96e79218965eb72c92a549dd5a330112', '1');
INSERT INTO `tg_privilege_user` VALUES ('341', '孟换利', '96e79218965eb72c92a549dd5a330112', '1');
INSERT INTO `tg_privilege_user` VALUES ('342', '陈金玉', '96e79218965eb72c92a549dd5a330112', '1');
INSERT INTO `tg_privilege_user` VALUES ('343', '袁雪', '96e79218965eb72c92a549dd5a330112', '1');
INSERT INTO `tg_privilege_user` VALUES ('344', '崔旭', '96e79218965eb72c92a549dd5a330112', '1');
INSERT INTO `tg_privilege_user` VALUES ('345', '贺仕琪', '96e79218965eb72c92a549dd5a330112', '1');
INSERT INTO `tg_privilege_user` VALUES ('346', '李作玲', '96e79218965eb72c92a549dd5a330112', '1');
INSERT INTO `tg_privilege_user` VALUES ('347', '崔肖龙', '0bed42d424919d08621c780bdcb73a02', '1');
INSERT INTO `tg_privilege_user` VALUES ('348', '李富龙', '96e79218965eb72c92a549dd5a330112', '1');
INSERT INTO `tg_privilege_user` VALUES ('349', '李海根', '96e79218965eb72c92a549dd5a330112', '1');
INSERT INTO `tg_privilege_user` VALUES ('350', '刘文杰', '96e79218965eb72c92a549dd5a330112', '1');
INSERT INTO `tg_privilege_user` VALUES ('351', '苗阳', '96e79218965eb72c92a549dd5a330112', '1');
INSERT INTO `tg_privilege_user` VALUES ('352', '杨佳珺', '96e79218965eb72c92a549dd5a330112', '1');
INSERT INTO `tg_privilege_user` VALUES ('353', '张巨雲', '96e79218965eb72c92a549dd5a330112', '1');
INSERT INTO `tg_privilege_user` VALUES ('354', '朱忠均', '96e79218965eb72c92a549dd5a330112', '1');
INSERT INTO `tg_privilege_user` VALUES ('355', '丁倩', '96e79218965eb72c92a549dd5a330112', '1');
INSERT INTO `tg_privilege_user` VALUES ('356', '方瑞华', '96e79218965eb72c92a549dd5a330112', '1');
INSERT INTO `tg_privilege_user` VALUES ('357', '苗群杨', '96e79218965eb72c92a549dd5a330112', '1');
INSERT INTO `tg_privilege_user` VALUES ('358', '柴惠兰', '96e79218965eb72c92a549dd5a330112', '1');
INSERT INTO `tg_privilege_user` VALUES ('359', '杨江丽', '96e79218965eb72c92a549dd5a330112', '1');
INSERT INTO `tg_privilege_user` VALUES ('360', '杨家媛', '96e79218965eb72c92a549dd5a330112', '1');
INSERT INTO `tg_privilege_user` VALUES ('361', '郭慧', '96e79218965eb72c92a549dd5a330112', '1');
INSERT INTO `tg_privilege_user` VALUES ('362', '侯林坊', '96e79218965eb72c92a549dd5a330112', '1');
INSERT INTO `tg_privilege_user` VALUES ('363', '闫苗', '96e79218965eb72c92a549dd5a330112', '1');
INSERT INTO `tg_privilege_user` VALUES ('364', '秦玲', '96e79218965eb72c92a549dd5a330112', '1');
INSERT INTO `tg_privilege_user` VALUES ('365', '田野', '96e79218965eb72c92a549dd5a330112', '1');
INSERT INTO `tg_privilege_user` VALUES ('366', '王昭璇', '96e79218965eb72c92a549dd5a330112', '1');
INSERT INTO `tg_privilege_user` VALUES ('367', '江丹枫', '96e79218965eb72c92a549dd5a330112', '1');
INSERT INTO `tg_privilege_user` VALUES ('368', '苏俊伟', '96e79218965eb72c92a549dd5a330112', '1');
INSERT INTO `tg_privilege_user` VALUES ('369', '孙宇', '96e79218965eb72c92a549dd5a330112', '1');
INSERT INTO `tg_privilege_user` VALUES ('370', '谭高云', '96e79218965eb72c92a549dd5a330112', '1');
INSERT INTO `tg_privilege_user` VALUES ('371', '谢兆国', '4078a667a31d5c5b7f2f8b4f7b891712', '1');
INSERT INTO `tg_privilege_user` VALUES ('372', '张国荣', '96e79218965eb72c92a549dd5a330112', '1');
INSERT INTO `tg_privilege_user` VALUES ('373', '李洪飞', '96e79218965eb72c92a549dd5a330112', '1');
INSERT INTO `tg_privilege_user` VALUES ('374', '王瑛', '96e79218965eb72c92a549dd5a330112', '1');
INSERT INTO `tg_privilege_user` VALUES ('375', '韦祥蕾', '96e79218965eb72c92a549dd5a330112', '1');
INSERT INTO `tg_privilege_user` VALUES ('376', '鲍金花', '96e79218965eb72c92a549dd5a330112', '1');
INSERT INTO `tg_privilege_user` VALUES ('377', '成艺伟', '96e79218965eb72c92a549dd5a330112', '1');
INSERT INTO `tg_privilege_user` VALUES ('378', '杨延玲', '96e79218965eb72c92a549dd5a330112', '1');
INSERT INTO `tg_privilege_user` VALUES ('379', '乔翔茹', '96e79218965eb72c92a549dd5a330112', '1');
INSERT INTO `tg_privilege_user` VALUES ('380', '陈  腾', '96e79218965eb72c92a549dd5a330112', '1');
INSERT INTO `tg_privilege_user` VALUES ('381', '张晋凯', '96e79218965eb72c92a549dd5a330112', '1');
INSERT INTO `tg_privilege_user` VALUES ('382', '李  福', 'e807f1fcf82d132f9bb018ca6738a19f', '1');
INSERT INTO `tg_privilege_user` VALUES ('383', '刘子琦', '96e79218965eb72c92a549dd5a330112', '1');
INSERT INTO `tg_privilege_user` VALUES ('384', '阎  昭', '96e79218965eb72c92a549dd5a330112', '1');
INSERT INTO `tg_privilege_user` VALUES ('385', '蔡鹏飞', '96e79218965eb72c92a549dd5a330112', '1');
INSERT INTO `tg_privilege_user` VALUES ('386', '潘  硕', '96e79218965eb72c92a549dd5a330112', '1');
INSERT INTO `tg_privilege_user` VALUES ('387', '曹富智', '96e79218965eb72c92a549dd5a330112', '1');
INSERT INTO `tg_privilege_user` VALUES ('389', '申秋丰', '96e79218965eb72c92a549dd5a330112', '1');
INSERT INTO `tg_privilege_user` VALUES ('390', '朱  玲', '96e79218965eb72c92a549dd5a330112', '1');
INSERT INTO `tg_privilege_user` VALUES ('391', '李  丹', '96e79218965eb72c92a549dd5a330112', '1');
INSERT INTO `tg_privilege_user` VALUES ('392', '闫慧宇', '96e79218965eb72c92a549dd5a330112', '1');
INSERT INTO `tg_privilege_user` VALUES ('393', '郁  龙', '96e79218965eb72c92a549dd5a330112', '1');
INSERT INTO `tg_privilege_user` VALUES ('394', '罗旺旺', '96e79218965eb72c92a549dd5a330112', '1');
INSERT INTO `tg_privilege_user` VALUES ('395', '蔡洪健', '96e79218965eb72c92a549dd5a330112', '1');
INSERT INTO `tg_privilege_user` VALUES ('396', '胡雪山', '96e79218965eb72c92a549dd5a330112', '1');
INSERT INTO `tg_privilege_user` VALUES ('397', '温家俊', '96e79218965eb72c92a549dd5a330112', '1');
INSERT INTO `tg_privilege_user` VALUES ('398', '卢  壮', '96e79218965eb72c92a549dd5a330112', '1');
INSERT INTO `tg_privilege_user` VALUES ('399', '苏  浩', 'eeba2128e59ae706384657b2b5ca9b3b', '1');
INSERT INTO `tg_privilege_user` VALUES ('400', '刘文杰', '96e79218965eb72c92a549dd5a330112', '1');
INSERT INTO `tg_privilege_user` VALUES ('401', '陈  娅', '96e79218965eb72c92a549dd5a330112', '1');
INSERT INTO `tg_privilege_user` VALUES ('402', '池晓璇', '96e79218965eb72c92a549dd5a330112', '1');
INSERT INTO `tg_privilege_user` VALUES ('403', '陈颖洁', '96e79218965eb72c92a549dd5a330112', '1');
INSERT INTO `tg_privilege_user` VALUES ('404', '潘鑫芳', '96e79218965eb72c92a549dd5a330112', '1');
INSERT INTO `tg_privilege_user` VALUES ('405', '闫婷婷', '96e79218965eb72c92a549dd5a330112', '1');
INSERT INTO `tg_privilege_user` VALUES ('406', '贾源楠', '96e79218965eb72c92a549dd5a330112', '1');
INSERT INTO `tg_privilege_user` VALUES ('407', '王恩慧', '96e79218965eb72c92a549dd5a330112', '1');
INSERT INTO `tg_privilege_user` VALUES ('408', '张婷婷', '96e79218965eb72c92a549dd5a330112', '1');
INSERT INTO `tg_privilege_user` VALUES ('409', '赵芙欣', '96e79218965eb72c92a549dd5a330112', '1');
INSERT INTO `tg_privilege_user` VALUES ('410', '吕梦婷', '96e79218965eb72c92a549dd5a330112', '1');
INSERT INTO `tg_privilege_user` VALUES ('411', '刘生霞', '96e79218965eb72c92a549dd5a330112', '1');
INSERT INTO `tg_privilege_user` VALUES ('412', '李文克', '96e79218965eb72c92a549dd5a330112', '1');
INSERT INTO `tg_privilege_user` VALUES ('413', '焦  帆', '96e79218965eb72c92a549dd5a330112', '1');
INSERT INTO `tg_privilege_user` VALUES ('414', '吉雁斐', '96e79218965eb72c92a549dd5a330112', '1');
INSERT INTO `tg_privilege_user` VALUES ('415', '石凯华44', '96e79218965eb72c92a549dd5a330112', '1');

-- ----------------------------
-- Table structure for `tg_privilege_user_role`
-- ----------------------------
DROP TABLE IF EXISTS `tg_privilege_user_role`;
CREATE TABLE `tg_privilege_user_role` (
  `id` int(11) NOT NULL AUTO_INCREMENT,
  `user_id` int(11) NOT NULL,
  `role_id` int(11) NOT NULL,
  PRIMARY KEY (`id`),
  KEY `user_id` (`user_id`),
  KEY `role_id` (`role_id`)
) ENGINE=InnoDB AUTO_INCREMENT=447 DEFAULT CHARSET=utf8;

-- ----------------------------
-- Records of tg_privilege_user_role
-- ----------------------------
INSERT INTO `tg_privilege_user_role` VALUES ('1', '2', '1');
INSERT INTO `tg_privilege_user_role` VALUES ('2', '3', '2');
INSERT INTO `tg_privilege_user_role` VALUES ('3', '4', '3');
INSERT INTO `tg_privilege_user_role` VALUES ('4', '5', '4');
INSERT INTO `tg_privilege_user_role` VALUES ('6', '7', '17');
INSERT INTO `tg_privilege_user_role` VALUES ('8', '9', '9');
INSERT INTO `tg_privilege_user_role` VALUES ('9', '10', '9');
INSERT INTO `tg_privilege_user_role` VALUES ('10', '11', '9');
INSERT INTO `tg_privilege_user_role` VALUES ('11', '12', '9');
INSERT INTO `tg_privilege_user_role` VALUES ('13', '14', '9');
INSERT INTO `tg_privilege_user_role` VALUES ('14', '15', '9');
INSERT INTO `tg_privilege_user_role` VALUES ('17', '18', '11');
INSERT INTO `tg_privilege_user_role` VALUES ('18', '19', '18');
INSERT INTO `tg_privilege_user_role` VALUES ('20', '21', '18');
INSERT INTO `tg_privilege_user_role` VALUES ('21', '22', '18');
INSERT INTO `tg_privilege_user_role` VALUES ('22', '23', '18');
INSERT INTO `tg_privilege_user_role` VALUES ('23', '24', '18');
INSERT INTO `tg_privilege_user_role` VALUES ('24', '25', '18');
INSERT INTO `tg_privilege_user_role` VALUES ('25', '26', '18');
INSERT INTO `tg_privilege_user_role` VALUES ('26', '27', '18');
INSERT INTO `tg_privilege_user_role` VALUES ('27', '28', '18');
INSERT INTO `tg_privilege_user_role` VALUES ('103', '104', '18');
INSERT INTO `tg_privilege_user_role` VALUES ('104', '105', '18');
INSERT INTO `tg_privilege_user_role` VALUES ('105', '106', '18');
INSERT INTO `tg_privilege_user_role` VALUES ('106', '107', '18');
INSERT INTO `tg_privilege_user_role` VALUES ('107', '108', '18');
INSERT INTO `tg_privilege_user_role` VALUES ('108', '109', '18');
INSERT INTO `tg_privilege_user_role` VALUES ('109', '110', '18');
INSERT INTO `tg_privilege_user_role` VALUES ('110', '111', '18');
INSERT INTO `tg_privilege_user_role` VALUES ('111', '112', '18');
INSERT INTO `tg_privilege_user_role` VALUES ('112', '113', '18');
INSERT INTO `tg_privilege_user_role` VALUES ('113', '114', '18');
INSERT INTO `tg_privilege_user_role` VALUES ('114', '115', '18');
INSERT INTO `tg_privilege_user_role` VALUES ('115', '116', '18');
INSERT INTO `tg_privilege_user_role` VALUES ('116', '117', '18');
INSERT INTO `tg_privilege_user_role` VALUES ('117', '118', '18');
INSERT INTO `tg_privilege_user_role` VALUES ('118', '119', '18');
INSERT INTO `tg_privilege_user_role` VALUES ('119', '120', '18');
INSERT INTO `tg_privilege_user_role` VALUES ('120', '121', '18');
INSERT INTO `tg_privilege_user_role` VALUES ('121', '122', '18');
INSERT INTO `tg_privilege_user_role` VALUES ('122', '123', '18');
INSERT INTO `tg_privilege_user_role` VALUES ('123', '124', '18');
INSERT INTO `tg_privilege_user_role` VALUES ('124', '125', '18');
INSERT INTO `tg_privilege_user_role` VALUES ('125', '126', '18');
INSERT INTO `tg_privilege_user_role` VALUES ('126', '127', '18');
INSERT INTO `tg_privilege_user_role` VALUES ('127', '128', '18');
INSERT INTO `tg_privilege_user_role` VALUES ('128', '129', '18');
INSERT INTO `tg_privilege_user_role` VALUES ('129', '130', '18');
INSERT INTO `tg_privilege_user_role` VALUES ('130', '131', '18');
INSERT INTO `tg_privilege_user_role` VALUES ('131', '132', '18');
INSERT INTO `tg_privilege_user_role` VALUES ('132', '133', '18');
INSERT INTO `tg_privilege_user_role` VALUES ('133', '134', '18');
INSERT INTO `tg_privilege_user_role` VALUES ('134', '135', '18');
INSERT INTO `tg_privilege_user_role` VALUES ('135', '136', '18');
INSERT INTO `tg_privilege_user_role` VALUES ('136', '137', '18');
INSERT INTO `tg_privilege_user_role` VALUES ('137', '138', '18');
INSERT INTO `tg_privilege_user_role` VALUES ('138', '139', '18');
INSERT INTO `tg_privilege_user_role` VALUES ('139', '140', '18');
INSERT INTO `tg_privilege_user_role` VALUES ('140', '141', '18');
INSERT INTO `tg_privilege_user_role` VALUES ('141', '142', '18');
INSERT INTO `tg_privilege_user_role` VALUES ('142', '143', '18');
INSERT INTO `tg_privilege_user_role` VALUES ('143', '144', '18');
INSERT INTO `tg_privilege_user_role` VALUES ('144', '145', '18');
INSERT INTO `tg_privilege_user_role` VALUES ('145', '146', '18');
INSERT INTO `tg_privilege_user_role` VALUES ('146', '147', '18');
INSERT INTO `tg_privilege_user_role` VALUES ('147', '148', '18');
INSERT INTO `tg_privilege_user_role` VALUES ('148', '149', '18');
INSERT INTO `tg_privilege_user_role` VALUES ('149', '150', '18');
INSERT INTO `tg_privilege_user_role` VALUES ('150', '151', '18');
INSERT INTO `tg_privilege_user_role` VALUES ('151', '152', '18');
INSERT INTO `tg_privilege_user_role` VALUES ('152', '153', '18');
INSERT INTO `tg_privilege_user_role` VALUES ('153', '154', '18');
INSERT INTO `tg_privilege_user_role` VALUES ('154', '155', '18');
INSERT INTO `tg_privilege_user_role` VALUES ('155', '156', '18');
INSERT INTO `tg_privilege_user_role` VALUES ('156', '157', '18');
INSERT INTO `tg_privilege_user_role` VALUES ('157', '158', '18');
INSERT INTO `tg_privilege_user_role` VALUES ('158', '159', '18');
INSERT INTO `tg_privilege_user_role` VALUES ('159', '160', '18');
INSERT INTO `tg_privilege_user_role` VALUES ('160', '161', '18');
INSERT INTO `tg_privilege_user_role` VALUES ('161', '162', '18');
INSERT INTO `tg_privilege_user_role` VALUES ('162', '163', '18');
INSERT INTO `tg_privilege_user_role` VALUES ('163', '164', '18');
INSERT INTO `tg_privilege_user_role` VALUES ('164', '165', '18');
INSERT INTO `tg_privilege_user_role` VALUES ('165', '166', '18');
INSERT INTO `tg_privilege_user_role` VALUES ('166', '167', '18');
INSERT INTO `tg_privilege_user_role` VALUES ('167', '168', '18');
INSERT INTO `tg_privilege_user_role` VALUES ('168', '169', '18');
INSERT INTO `tg_privilege_user_role` VALUES ('169', '170', '18');
INSERT INTO `tg_privilege_user_role` VALUES ('170', '171', '18');
INSERT INTO `tg_privilege_user_role` VALUES ('171', '172', '18');
INSERT INTO `tg_privilege_user_role` VALUES ('172', '173', '18');
INSERT INTO `tg_privilege_user_role` VALUES ('173', '174', '18');
INSERT INTO `tg_privilege_user_role` VALUES ('174', '175', '18');
INSERT INTO `tg_privilege_user_role` VALUES ('175', '176', '18');
INSERT INTO `tg_privilege_user_role` VALUES ('176', '177', '18');
INSERT INTO `tg_privilege_user_role` VALUES ('177', '178', '18');
INSERT INTO `tg_privilege_user_role` VALUES ('178', '179', '18');
INSERT INTO `tg_privilege_user_role` VALUES ('179', '180', '18');
INSERT INTO `tg_privilege_user_role` VALUES ('180', '181', '18');
INSERT INTO `tg_privilege_user_role` VALUES ('181', '182', '18');
INSERT INTO `tg_privilege_user_role` VALUES ('182', '183', '18');
INSERT INTO `tg_privilege_user_role` VALUES ('183', '184', '18');
INSERT INTO `tg_privilege_user_role` VALUES ('184', '185', '18');
INSERT INTO `tg_privilege_user_role` VALUES ('185', '186', '18');
INSERT INTO `tg_privilege_user_role` VALUES ('186', '187', '18');
INSERT INTO `tg_privilege_user_role` VALUES ('187', '188', '18');
INSERT INTO `tg_privilege_user_role` VALUES ('188', '189', '18');
INSERT INTO `tg_privilege_user_role` VALUES ('189', '190', '18');
INSERT INTO `tg_privilege_user_role` VALUES ('190', '191', '18');
INSERT INTO `tg_privilege_user_role` VALUES ('191', '192', '18');
INSERT INTO `tg_privilege_user_role` VALUES ('192', '193', '18');
INSERT INTO `tg_privilege_user_role` VALUES ('193', '194', '18');
INSERT INTO `tg_privilege_user_role` VALUES ('194', '195', '18');
INSERT INTO `tg_privilege_user_role` VALUES ('195', '196', '18');
INSERT INTO `tg_privilege_user_role` VALUES ('196', '197', '18');
INSERT INTO `tg_privilege_user_role` VALUES ('197', '198', '18');
INSERT INTO `tg_privilege_user_role` VALUES ('198', '199', '18');
INSERT INTO `tg_privilege_user_role` VALUES ('199', '200', '18');
INSERT INTO `tg_privilege_user_role` VALUES ('200', '201', '18');
INSERT INTO `tg_privilege_user_role` VALUES ('201', '202', '18');
INSERT INTO `tg_privilege_user_role` VALUES ('202', '203', '18');
INSERT INTO `tg_privilege_user_role` VALUES ('203', '17', '10');
INSERT INTO `tg_privilege_user_role` VALUES ('204', '17', '15');
INSERT INTO `tg_privilege_user_role` VALUES ('205', '204', '18');
INSERT INTO `tg_privilege_user_role` VALUES ('206', '205', '9');
INSERT INTO `tg_privilege_user_role` VALUES ('207', '206', '6');
INSERT INTO `tg_privilege_user_role` VALUES ('208', '207', '18');
INSERT INTO `tg_privilege_user_role` VALUES ('209', '208', '18');
INSERT INTO `tg_privilege_user_role` VALUES ('210', '209', '18');
INSERT INTO `tg_privilege_user_role` VALUES ('211', '210', '18');
INSERT INTO `tg_privilege_user_role` VALUES ('212', '211', '18');
INSERT INTO `tg_privilege_user_role` VALUES ('213', '212', '18');
INSERT INTO `tg_privilege_user_role` VALUES ('214', '213', '18');
INSERT INTO `tg_privilege_user_role` VALUES ('215', '214', '18');
INSERT INTO `tg_privilege_user_role` VALUES ('216', '215', '18');
INSERT INTO `tg_privilege_user_role` VALUES ('217', '216', '18');
INSERT INTO `tg_privilege_user_role` VALUES ('218', '217', '18');
INSERT INTO `tg_privilege_user_role` VALUES ('219', '218', '18');
INSERT INTO `tg_privilege_user_role` VALUES ('220', '219', '18');
INSERT INTO `tg_privilege_user_role` VALUES ('221', '220', '18');
INSERT INTO `tg_privilege_user_role` VALUES ('222', '221', '18');
INSERT INTO `tg_privilege_user_role` VALUES ('223', '222', '18');
INSERT INTO `tg_privilege_user_role` VALUES ('224', '223', '18');
INSERT INTO `tg_privilege_user_role` VALUES ('225', '224', '18');
INSERT INTO `tg_privilege_user_role` VALUES ('226', '6', '13');
INSERT INTO `tg_privilege_user_role` VALUES ('228', '225', '13');
INSERT INTO `tg_privilege_user_role` VALUES ('229', '16', '13');
INSERT INTO `tg_privilege_user_role` VALUES ('230', '226', '18');
INSERT INTO `tg_privilege_user_role` VALUES ('231', '227', '18');
INSERT INTO `tg_privilege_user_role` VALUES ('232', '228', '18');
INSERT INTO `tg_privilege_user_role` VALUES ('233', '229', '18');
INSERT INTO `tg_privilege_user_role` VALUES ('234', '230', '18');
INSERT INTO `tg_privilege_user_role` VALUES ('235', '231', '18');
INSERT INTO `tg_privilege_user_role` VALUES ('236', '232', '18');
INSERT INTO `tg_privilege_user_role` VALUES ('237', '233', '18');
INSERT INTO `tg_privilege_user_role` VALUES ('238', '234', '18');
INSERT INTO `tg_privilege_user_role` VALUES ('239', '235', '18');
INSERT INTO `tg_privilege_user_role` VALUES ('240', '236', '18');
INSERT INTO `tg_privilege_user_role` VALUES ('241', '237', '18');
INSERT INTO `tg_privilege_user_role` VALUES ('242', '238', '18');
INSERT INTO `tg_privilege_user_role` VALUES ('243', '239', '18');
INSERT INTO `tg_privilege_user_role` VALUES ('244', '240', '18');
INSERT INTO `tg_privilege_user_role` VALUES ('246', '242', '18');
INSERT INTO `tg_privilege_user_role` VALUES ('251', '245', '9');
INSERT INTO `tg_privilege_user_role` VALUES ('253', '246', '13');
INSERT INTO `tg_privilege_user_role` VALUES ('254', '247', '13');
INSERT INTO `tg_privilege_user_role` VALUES ('255', '248', '13');
INSERT INTO `tg_privilege_user_role` VALUES ('258', '250', '14');
INSERT INTO `tg_privilege_user_role` VALUES ('260', '249', '12');
INSERT INTO `tg_privilege_user_role` VALUES ('261', '20', '18');
INSERT INTO `tg_privilege_user_role` VALUES ('262', '251', '18');
INSERT INTO `tg_privilege_user_role` VALUES ('263', '252', '18');
INSERT INTO `tg_privilege_user_role` VALUES ('264', '253', '18');
INSERT INTO `tg_privilege_user_role` VALUES ('265', '254', '18');
INSERT INTO `tg_privilege_user_role` VALUES ('266', '255', '18');
INSERT INTO `tg_privilege_user_role` VALUES ('267', '256', '18');
INSERT INTO `tg_privilege_user_role` VALUES ('268', '257', '18');
INSERT INTO `tg_privilege_user_role` VALUES ('269', '258', '18');
INSERT INTO `tg_privilege_user_role` VALUES ('270', '259', '18');
INSERT INTO `tg_privilege_user_role` VALUES ('271', '260', '18');
INSERT INTO `tg_privilege_user_role` VALUES ('272', '261', '18');
INSERT INTO `tg_privilege_user_role` VALUES ('273', '262', '18');
INSERT INTO `tg_privilege_user_role` VALUES ('274', '263', '18');
INSERT INTO `tg_privilege_user_role` VALUES ('275', '264', '18');
INSERT INTO `tg_privilege_user_role` VALUES ('276', '265', '18');
INSERT INTO `tg_privilege_user_role` VALUES ('277', '266', '18');
INSERT INTO `tg_privilege_user_role` VALUES ('278', '267', '18');
INSERT INTO `tg_privilege_user_role` VALUES ('279', '254', '18');
INSERT INTO `tg_privilege_user_role` VALUES ('280', '255', '18');
INSERT INTO `tg_privilege_user_role` VALUES ('281', '256', '18');
INSERT INTO `tg_privilege_user_role` VALUES ('282', '257', '18');
INSERT INTO `tg_privilege_user_role` VALUES ('283', '258', '18');
INSERT INTO `tg_privilege_user_role` VALUES ('284', '259', '18');
INSERT INTO `tg_privilege_user_role` VALUES ('285', '260', '18');
INSERT INTO `tg_privilege_user_role` VALUES ('286', '261', '18');
INSERT INTO `tg_privilege_user_role` VALUES ('287', '262', '18');
INSERT INTO `tg_privilege_user_role` VALUES ('288', '263', '18');
INSERT INTO `tg_privilege_user_role` VALUES ('289', '264', '18');
INSERT INTO `tg_privilege_user_role` VALUES ('290', '265', '18');
INSERT INTO `tg_privilege_user_role` VALUES ('291', '266', '18');
INSERT INTO `tg_privilege_user_role` VALUES ('292', '267', '18');
INSERT INTO `tg_privilege_user_role` VALUES ('293', '244', '5');
INSERT INTO `tg_privilege_user_role` VALUES ('294', '8', '5');
INSERT INTO `tg_privilege_user_role` VALUES ('295', '268', '18');
INSERT INTO `tg_privilege_user_role` VALUES ('296', '269', '18');
INSERT INTO `tg_privilege_user_role` VALUES ('297', '270', '18');
INSERT INTO `tg_privilege_user_role` VALUES ('298', '271', '18');
INSERT INTO `tg_privilege_user_role` VALUES ('299', '272', '18');
INSERT INTO `tg_privilege_user_role` VALUES ('300', '273', '18');
INSERT INTO `tg_privilege_user_role` VALUES ('301', '274', '18');
INSERT INTO `tg_privilege_user_role` VALUES ('302', '275', '18');
INSERT INTO `tg_privilege_user_role` VALUES ('303', '276', '18');
INSERT INTO `tg_privilege_user_role` VALUES ('304', '277', '18');
INSERT INTO `tg_privilege_user_role` VALUES ('306', '278', '11');
INSERT INTO `tg_privilege_user_role` VALUES ('309', '279', '9');
INSERT INTO `tg_privilege_user_role` VALUES ('310', '280', '9');
INSERT INTO `tg_privilege_user_role` VALUES ('311', '281', '18');
INSERT INTO `tg_privilege_user_role` VALUES ('312', '282', '18');
INSERT INTO `tg_privilege_user_role` VALUES ('313', '283', '18');
INSERT INTO `tg_privilege_user_role` VALUES ('314', '284', '18');
INSERT INTO `tg_privilege_user_role` VALUES ('315', '285', '18');
INSERT INTO `tg_privilege_user_role` VALUES ('316', '286', '18');
INSERT INTO `tg_privilege_user_role` VALUES ('317', '287', '18');
INSERT INTO `tg_privilege_user_role` VALUES ('318', '288', '18');
INSERT INTO `tg_privilege_user_role` VALUES ('319', '289', '18');
INSERT INTO `tg_privilege_user_role` VALUES ('320', '290', '18');
INSERT INTO `tg_privilege_user_role` VALUES ('321', '291', '18');
INSERT INTO `tg_privilege_user_role` VALUES ('322', '292', '18');
INSERT INTO `tg_privilege_user_role` VALUES ('323', '293', '18');
INSERT INTO `tg_privilege_user_role` VALUES ('325', '295', '18');
INSERT INTO `tg_privilege_user_role` VALUES ('326', '296', '18');
INSERT INTO `tg_privilege_user_role` VALUES ('327', '297', '18');
INSERT INTO `tg_privilege_user_role` VALUES ('328', '298', '18');
INSERT INTO `tg_privilege_user_role` VALUES ('329', '299', '18');
INSERT INTO `tg_privilege_user_role` VALUES ('330', '300', '18');
INSERT INTO `tg_privilege_user_role` VALUES ('331', '301', '18');
INSERT INTO `tg_privilege_user_role` VALUES ('332', '302', '18');
INSERT INTO `tg_privilege_user_role` VALUES ('333', '303', '18');
INSERT INTO `tg_privilege_user_role` VALUES ('334', '304', '18');
INSERT INTO `tg_privilege_user_role` VALUES ('335', '305', '18');
INSERT INTO `tg_privilege_user_role` VALUES ('336', '306', '18');
INSERT INTO `tg_privilege_user_role` VALUES ('337', '307', '18');
INSERT INTO `tg_privilege_user_role` VALUES ('338', '308', '18');
INSERT INTO `tg_privilege_user_role` VALUES ('339', '309', '18');
INSERT INTO `tg_privilege_user_role` VALUES ('340', '310', '18');
INSERT INTO `tg_privilege_user_role` VALUES ('341', '311', '18');
INSERT INTO `tg_privilege_user_role` VALUES ('342', '312', '18');
INSERT INTO `tg_privilege_user_role` VALUES ('343', '313', '18');
INSERT INTO `tg_privilege_user_role` VALUES ('344', '314', '18');
INSERT INTO `tg_privilege_user_role` VALUES ('345', '315', '18');
INSERT INTO `tg_privilege_user_role` VALUES ('346', '316', '18');
INSERT INTO `tg_privilege_user_role` VALUES ('347', '317', '18');
INSERT INTO `tg_privilege_user_role` VALUES ('348', '318', '18');
INSERT INTO `tg_privilege_user_role` VALUES ('349', '319', '18');
INSERT INTO `tg_privilege_user_role` VALUES ('350', '320', '18');
INSERT INTO `tg_privilege_user_role` VALUES ('351', '321', '18');
INSERT INTO `tg_privilege_user_role` VALUES ('352', '322', '18');
INSERT INTO `tg_privilege_user_role` VALUES ('353', '323', '18');
INSERT INTO `tg_privilege_user_role` VALUES ('354', '324', '18');
INSERT INTO `tg_privilege_user_role` VALUES ('355', '325', '18');
INSERT INTO `tg_privilege_user_role` VALUES ('356', '326', '18');
INSERT INTO `tg_privilege_user_role` VALUES ('357', '327', '18');
INSERT INTO `tg_privilege_user_role` VALUES ('358', '328', '18');
INSERT INTO `tg_privilege_user_role` VALUES ('359', '329', '18');
INSERT INTO `tg_privilege_user_role` VALUES ('360', '330', '18');
INSERT INTO `tg_privilege_user_role` VALUES ('361', '331', '18');
INSERT INTO `tg_privilege_user_role` VALUES ('362', '332', '18');
INSERT INTO `tg_privilege_user_role` VALUES ('363', '333', '18');
INSERT INTO `tg_privilege_user_role` VALUES ('364', '334', '18');
INSERT INTO `tg_privilege_user_role` VALUES ('365', '335', '18');
INSERT INTO `tg_privilege_user_role` VALUES ('366', '336', '18');
INSERT INTO `tg_privilege_user_role` VALUES ('367', '337', '18');
INSERT INTO `tg_privilege_user_role` VALUES ('368', '338', '18');
INSERT INTO `tg_privilege_user_role` VALUES ('369', '339', '18');
INSERT INTO `tg_privilege_user_role` VALUES ('370', '340', '18');
INSERT INTO `tg_privilege_user_role` VALUES ('371', '341', '18');
INSERT INTO `tg_privilege_user_role` VALUES ('372', '342', '18');
INSERT INTO `tg_privilege_user_role` VALUES ('373', '343', '18');
INSERT INTO `tg_privilege_user_role` VALUES ('374', '344', '18');
INSERT INTO `tg_privilege_user_role` VALUES ('375', '345', '18');
INSERT INTO `tg_privilege_user_role` VALUES ('376', '346', '18');
INSERT INTO `tg_privilege_user_role` VALUES ('377', '347', '18');
INSERT INTO `tg_privilege_user_role` VALUES ('378', '348', '18');
INSERT INTO `tg_privilege_user_role` VALUES ('379', '349', '18');
INSERT INTO `tg_privilege_user_role` VALUES ('380', '350', '18');
INSERT INTO `tg_privilege_user_role` VALUES ('381', '351', '18');
INSERT INTO `tg_privilege_user_role` VALUES ('382', '352', '18');
INSERT INTO `tg_privilege_user_role` VALUES ('383', '353', '18');
INSERT INTO `tg_privilege_user_role` VALUES ('384', '354', '18');
INSERT INTO `tg_privilege_user_role` VALUES ('385', '355', '18');
INSERT INTO `tg_privilege_user_role` VALUES ('386', '356', '18');
INSERT INTO `tg_privilege_user_role` VALUES ('387', '357', '18');
INSERT INTO `tg_privilege_user_role` VALUES ('388', '358', '18');
INSERT INTO `tg_privilege_user_role` VALUES ('389', '359', '18');
INSERT INTO `tg_privilege_user_role` VALUES ('390', '360', '18');
INSERT INTO `tg_privilege_user_role` VALUES ('391', '361', '18');
INSERT INTO `tg_privilege_user_role` VALUES ('392', '362', '18');
INSERT INTO `tg_privilege_user_role` VALUES ('393', '363', '18');
INSERT INTO `tg_privilege_user_role` VALUES ('394', '364', '18');
INSERT INTO `tg_privilege_user_role` VALUES ('395', '365', '18');
INSERT INTO `tg_privilege_user_role` VALUES ('396', '366', '18');
INSERT INTO `tg_privilege_user_role` VALUES ('397', '367', '18');
INSERT INTO `tg_privilege_user_role` VALUES ('398', '368', '18');
INSERT INTO `tg_privilege_user_role` VALUES ('399', '369', '18');
INSERT INTO `tg_privilege_user_role` VALUES ('400', '370', '18');
INSERT INTO `tg_privilege_user_role` VALUES ('401', '371', '18');
INSERT INTO `tg_privilege_user_role` VALUES ('402', '372', '18');
INSERT INTO `tg_privilege_user_role` VALUES ('403', '373', '18');
INSERT INTO `tg_privilege_user_role` VALUES ('404', '374', '18');
INSERT INTO `tg_privilege_user_role` VALUES ('405', '375', '18');
INSERT INTO `tg_privilege_user_role` VALUES ('406', '376', '18');
INSERT INTO `tg_privilege_user_role` VALUES ('407', '377', '18');
INSERT INTO `tg_privilege_user_role` VALUES ('408', '378', '18');
INSERT INTO `tg_privilege_user_role` VALUES ('409', '379', '18');
INSERT INTO `tg_privilege_user_role` VALUES ('410', '380', '18');
INSERT INTO `tg_privilege_user_role` VALUES ('411', '381', '18');
INSERT INTO `tg_privilege_user_role` VALUES ('412', '382', '18');
INSERT INTO `tg_privilege_user_role` VALUES ('413', '383', '18');
INSERT INTO `tg_privilege_user_role` VALUES ('414', '384', '18');
INSERT INTO `tg_privilege_user_role` VALUES ('415', '385', '18');
INSERT INTO `tg_privilege_user_role` VALUES ('416', '386', '18');
INSERT INTO `tg_privilege_user_role` VALUES ('417', '387', '18');
INSERT INTO `tg_privilege_user_role` VALUES ('418', '388', '18');
INSERT INTO `tg_privilege_user_role` VALUES ('419', '389', '18');
INSERT INTO `tg_privilege_user_role` VALUES ('420', '390', '18');
INSERT INTO `tg_privilege_user_role` VALUES ('421', '391', '18');
INSERT INTO `tg_privilege_user_role` VALUES ('422', '392', '18');
INSERT INTO `tg_privilege_user_role` VALUES ('423', '393', '18');
INSERT INTO `tg_privilege_user_role` VALUES ('424', '394', '18');
INSERT INTO `tg_privilege_user_role` VALUES ('425', '395', '18');
INSERT INTO `tg_privilege_user_role` VALUES ('426', '396', '18');
INSERT INTO `tg_privilege_user_role` VALUES ('427', '397', '18');
INSERT INTO `tg_privilege_user_role` VALUES ('428', '398', '18');
INSERT INTO `tg_privilege_user_role` VALUES ('429', '399', '18');
INSERT INTO `tg_privilege_user_role` VALUES ('430', '400', '18');
INSERT INTO `tg_privilege_user_role` VALUES ('431', '401', '18');
INSERT INTO `tg_privilege_user_role` VALUES ('432', '402', '18');
INSERT INTO `tg_privilege_user_role` VALUES ('433', '403', '18');
INSERT INTO `tg_privilege_user_role` VALUES ('434', '404', '18');
INSERT INTO `tg_privilege_user_role` VALUES ('435', '405', '18');
INSERT INTO `tg_privilege_user_role` VALUES ('436', '406', '18');
INSERT INTO `tg_privilege_user_role` VALUES ('437', '407', '18');
INSERT INTO `tg_privilege_user_role` VALUES ('438', '408', '18');
INSERT INTO `tg_privilege_user_role` VALUES ('439', '409', '18');
INSERT INTO `tg_privilege_user_role` VALUES ('440', '410', '18');
INSERT INTO `tg_privilege_user_role` VALUES ('441', '411', '18');
INSERT INTO `tg_privilege_user_role` VALUES ('442', '412', '18');
INSERT INTO `tg_privilege_user_role` VALUES ('443', '413', '18');
INSERT INTO `tg_privilege_user_role` VALUES ('444', '414', '18');
INSERT INTO `tg_privilege_user_role` VALUES ('445', '415', '18');
INSERT INTO `tg_privilege_user_role` VALUES ('446', '416', '18');
